[{"model": "contenttypes.contenttype", "pk": 1, "fields": {"app_label": "admin", "model": "logentry"}}, {"model": "contenttypes.contenttype", "pk": 2, "fields": {"app_label": "auth", "model": "permission"}}, {"model": "contenttypes.contenttype", "pk": 3, "fields": {"app_label": "auth", "model": "group"}}, {"model": "contenttypes.contenttype", "pk": 4, "fields": {"app_label": "auth", "model": "user"}}, {"model": "contenttypes.contenttype", "pk": 5, "fields": {"app_label": "contenttypes", "model": "contenttype"}}, {"model": "contenttypes.contenttype", "pk": 6, "fields": {"app_label": "sessions", "model": "session"}}, {"model": "contenttypes.contenttype", "pk": 7, "fields": {"app_label": "book", "model": "member"}}, {"model": "contenttypes.contenttype", "pk": 8, "fields": {"app_label": "book", "model": "useractivity"}}, {"model": "contenttypes.contenttype", "pk": 9, "fields": {"app_label": "book", "model": "profile"}}, {"model": "contenttypes.contenttype", "pk": 10, "fields": {"app_label": "book", "model": "publisher"}}, {"model": "contenttypes.contenttype", "pk": 11, "fields": {"app_label": "book", "model": "book"}}, {"model": "contenttypes.contenttype", "pk": 12, "fields": {"app_label": "book", "model": "category"}}, {"model": "contenttypes.contenttype", "pk": 13, "fields": {"app_label": "book", "model": "borrowrecord"}}, {"model": "contenttypes.contenttype", "pk": 14, "fields": {"app_label": "comment", "model": "comment"}}, {"model": "contenttypes.contenttype", "pk": 15, "fields": {"app_label": "notifications", "model": "notification"}}, {"model": "contenttypes.contenttype", "pk": 16, "fields": {"app_label": "book", "model": "userinfo"}}, {"model": "sessions.session", "pk": "1u9u102mk3hcbk9zs4g2tp61kv0wsra3", "fields": {"session_data": "NDhkYmNmMmNlMzIyY2FlMTQwMzU3ZTkzNDEyNGRhNjExNDQxMzczNTp7Il9hdXRoX3VzZXJfaWQiOiI1IiwiX2F1dGhfdXNlcl9iYWNrZW5kIjoiZGphbmdvLmNvbnRyaWIuYXV0aC5iYWNrZW5kcy5Nb2RlbEJhY2tlbmQiLCJfYXV0aF91c2VyX2hhc2giOiJkM2ZmOWQ1ZDNjNWM2OWRlYjcyNzFlMjRjODJlNTMxNDFjOTI1MmQ1In0=", "expire_date": "2022-11-15T09:29:20.343Z"}}, {"model": "sessions.session", "pk": "6gvs69llkubn9zydpd5ptqal2b6oso6k", "fields": {"session_data": "YjAyY2E4MzBiYjhjYmJhYzhlYjUxMjJmODJlNGU1M2JjZDk4ZDlmZTp7Il9hdXRoX3VzZXJfaWQiOiIxIiwiX2F1dGhfdXNlcl9iYWNrZW5kIjoiZGphbmdvLmNvbnRyaWIuYXV0aC5iYWNrZW5kcy5Nb2RlbEJhY2tlbmQiLCJfYXV0aF91c2VyX2hhc2giOiI2MDVkYmEzZDE1ZDYxYjI2NTFkOTZlYTg4NTk2ODgyNzBlMWMyNTA1In0=", "expire_date": "2021-09-12T20:47:48.183Z"}}, {"model": "sessions.session", "pk": "6id5y95ux81d91p2v3dvqtjo3zl2b20x", "fields": {"session_data": "NDhkYmNmMmNlMzIyY2FlMTQwMzU3ZTkzNDEyNGRhNjExNDQxMzczNTp7Il9hdXRoX3VzZXJfaWQiOiI1IiwiX2F1dGhfdXNlcl9iYWNrZW5kIjoiZGphbmdvLmNvbnRyaWIuYXV0aC5iYWNrZW5kcy5Nb2RlbEJhY2tlbmQiLCJfYXV0aF91c2VyX2hhc2giOiJkM2ZmOWQ1ZDNjNWM2OWRlYjcyNzFlMjRjODJlNTMxNDFjOTI1MmQ1In0=", "expire_date": "2022-11-14T07:28:28.073Z"}}, {"model": "sessions.session", "pk": "cdom3tmbq6g2unjcj4qlokebt3kzen20", "fields": {"session_data": "YjAyY2E4MzBiYjhjYmJhYzhlYjUxMjJmODJlNGU1M2JjZDk4ZDlmZTp7Il9hdXRoX3VzZXJfaWQiOiIxIiwiX2F1dGhfdXNlcl9iYWNrZW5kIjoiZGphbmdvLmNvbnRyaWIuYXV0aC5iYWNrZW5kcy5Nb2RlbEJhY2tlbmQiLCJfYXV0aF91c2VyX2hhc2giOiI2MDVkYmEzZDE1ZDYxYjI2NTFkOTZlYTg4NTk2ODgyNzBlMWMyNTA1In0=", "expire_date": "2021-09-12T20:06:39.699Z"}}, {"model": "sessions.session", "pk": "dgkkfxy8a0az346j65kg38vuwsqylj8p", "fields": {"session_data": "YjAyY2E4MzBiYjhjYmJhYzhlYjUxMjJmODJlNGU1M2JjZDk4ZDlmZTp7Il9hdXRoX3VzZXJfaWQiOiIxIiwiX2F1dGhfdXNlcl9iYWNrZW5kIjoiZGphbmdvLmNvbnRyaWIuYXV0aC5iYWNrZW5kcy5Nb2RlbEJhY2tlbmQiLCJfYXV0aF91c2VyX2hhc2giOiI2MDVkYmEzZDE1ZDYxYjI2NTFkOTZlYTg4NTk2ODgyNzBlMWMyNTA1In0=", "expire_date": "2022-01-09T11:56:14.836Z"}}, {"model": "sessions.session", "pk": "gko4acixpp37yk0qxfksaalcvvruypdb", "fields": {"session_data": "NDhkYmNmMmNlMzIyY2FlMTQwMzU3ZTkzNDEyNGRhNjExNDQxMzczNTp7Il9hdXRoX3VzZXJfaWQiOiI1IiwiX2F1dGhfdXNlcl9iYWNrZW5kIjoiZGphbmdvLmNvbnRyaWIuYXV0aC5iYWNrZW5kcy5Nb2RlbEJhY2tlbmQiLCJfYXV0aF91c2VyX2hhc2giOiJkM2ZmOWQ1ZDNjNWM2OWRlYjcyNzFlMjRjODJlNTMxNDFjOTI1MmQ1In0=", "expire_date": "2022-11-09T02:44:08.653Z"}}, {"model": "sessions.session", "pk": "mb6gverebstqspgs8suuy6ohdux77v2s", "fields": {"session_data": "YjAyY2E4MzBiYjhjYmJhYzhlYjUxMjJmODJlNGU1M2JjZDk4ZDlmZTp7Il9hdXRoX3VzZXJfaWQiOiIxIiwiX2F1dGhfdXNlcl9iYWNrZW5kIjoiZGphbmdvLmNvbnRyaWIuYXV0aC5iYWNrZW5kcy5Nb2RlbEJhY2tlbmQiLCJfYXV0aF91c2VyX2hhc2giOiI2MDVkYmEzZDE1ZDYxYjI2NTFkOTZlYTg4NTk2ODgyNzBlMWMyNTA1In0=", "expire_date": "2021-07-13T19:57:20.385Z"}}, {"model": "sessions.session", "pk": "mpqqiv3ckf19kbc4ttghkapac9rlhzpo", "fields": {"session_data": "OGI0NGEzYTcwMmI1Njk1OTA5ZTk3NDdlM2Q0ODhhYWE5YjM4ZWQ5Nzp7Il9hdXRoX3VzZXJfaWQiOiIyIiwiX2F1dGhfdXNlcl9iYWNrZW5kIjoiZGphbmdvLmNvbnRyaWIuYXV0aC5iYWNrZW5kcy5Nb2RlbEJhY2tlbmQiLCJfYXV0aF91c2VyX2hhc2giOiI4YWJlZjJiYTAzNmE4OTFkNjI4YzA1ZjdkMDdkZDFkNmU0NDA3NDRjIn0=", "expire_date": "2021-09-26T16:30:35.486Z"}}, {"model": "sessions.session", "pk": "nqnmyujxhselvl7tye79vom7jp5j6oqv", "fields": {"session_data": "NDhkYmNmMmNlMzIyY2FlMTQwMzU3ZTkzNDEyNGRhNjExNDQxMzczNTp7Il9hdXRoX3VzZXJfaWQiOiI1IiwiX2F1dGhfdXNlcl9iYWNrZW5kIjoiZGphbmdvLmNvbnRyaWIuYXV0aC5iYWNrZW5kcy5Nb2RlbEJhY2tlbmQiLCJfYXV0aF91c2VyX2hhc2giOiJkM2ZmOWQ1ZDNjNWM2OWRlYjcyNzFlMjRjODJlNTMxNDFjOTI1MmQ1In0=", "expire_date": "2022-11-02T13:05:32.710Z"}}, {"model": "sessions.session", "pk": "si21u1obmis94lfnbw0q7c5jhdaatufv", "fields": {"session_data": "NDhkYmNmMmNlMzIyY2FlMTQwMzU3ZTkzNDEyNGRhNjExNDQxMzczNTp7Il9hdXRoX3VzZXJfaWQiOiI1IiwiX2F1dGhfdXNlcl9iYWNrZW5kIjoiZGphbmdvLmNvbnRyaWIuYXV0aC5iYWNrZW5kcy5Nb2RlbEJhY2tlbmQiLCJfYXV0aF91c2VyX2hhc2giOiJkM2ZmOWQ1ZDNjNWM2OWRlYjcyNzFlMjRjODJlNTMxNDFjOTI1MmQ1In0=", "expire_date": "2022-11-15T09:30:53.830Z"}}, {"model": "sessions.session", "pk": "tt7tkx8fmx3x4irqqyumrtmk2keqbssp", "fields": {"session_data": "YjAyY2E4MzBiYjhjYmJhYzhlYjUxMjJmODJlNGU1M2JjZDk4ZDlmZTp7Il9hdXRoX3VzZXJfaWQiOiIxIiwiX2F1dGhfdXNlcl9iYWNrZW5kIjoiZGphbmdvLmNvbnRyaWIuYXV0aC5iYWNrZW5kcy5Nb2RlbEJhY2tlbmQiLCJfYXV0aF91c2VyX2hhc2giOiI2MDVkYmEzZDE1ZDYxYjI2NTFkOTZlYTg4NTk2ODgyNzBlMWMyNTA1In0=", "expire_date": "2021-09-06T09:31:00.873Z"}}, {"model": "sessions.session", "pk": "zfjvanvwhx2okfekga6hdjfc289ktyhm", "fields": {"session_data": "YjAyY2E4MzBiYjhjYmJhYzhlYjUxMjJmODJlNGU1M2JjZDk4ZDlmZTp7Il9hdXRoX3VzZXJfaWQiOiIxIiwiX2F1dGhfdXNlcl9iYWNrZW5kIjoiZGphbmdvLmNvbnRyaWIuYXV0aC5iYWNrZW5kcy5Nb2RlbEJhY2tlbmQiLCJfYXV0aF91c2VyX2hhc2giOiI2MDVkYmEzZDE1ZDYxYjI2NTFkOTZlYTg4NTk2ODgyNzBlMWMyNTA1In0=", "expire_date": "2021-08-21T18:49:03.014Z"}}, {"model": "sessions.session", "pk": "zkxghokljqw60d3whwfj6h9vzgsezcmh", "fields": {"session_data": "YjAyY2E4MzBiYjhjYmJhYzhlYjUxMjJmODJlNGU1M2JjZDk4ZDlmZTp7Il9hdXRoX3VzZXJfaWQiOiIxIiwiX2F1dGhfdXNlcl9iYWNrZW5kIjoiZGphbmdvLmNvbnRyaWIuYXV0aC5iYWNrZW5kcy5Nb2RlbEJhY2tlbmQiLCJfYXV0aF91c2VyX2hhc2giOiI2MDVkYmEzZDE1ZDYxYjI2NTFkOTZlYTg4NTk2ODgyNzBlMWMyNTA1In0=", "expire_date": "2021-08-15T15:14:11.433Z"}}, {"model": "book.category", "pk": 2, "fields": {"name": "Economics", "created_at": "2021-07-31T18:19:30.473Z"}}, {"model": "book.category", "pk": 3, "fields": {"name": "Finance", "created_at": "2021-07-31T18:19:43.229Z"}}, {"model": "book.category", "pk": 4, "fields": {"name": "Historical", "created_at": "2021-07-31T18:19:49.221Z"}}, {"model": "book.category", "pk": 5, "fields": {"name": "Fantasy", "created_at": "2021-07-31T18:19:56.916Z"}}, {"model": "book.category", "pk": 6, "fields": {"name": "Cooking", "created_at": "2021-07-31T18:20:02.315Z"}}, {"model": "book.category", "pk": 7, "fields": {"name": "Computers & Tech", "created_at": "2021-07-31T18:20:10.279Z"}}, {"model": "book.category", "pk": 8, "fields": {"name": "Fiction", "created_at": "2021-07-31T18:20:17.988Z"}}, {"model": "book.category", "pk": 9, "fields": {"name": "Watch", "created_at": "2021-07-31T18:20:31.205Z"}}, {"model": "book.category", "pk": 10, "fields": {"name": "Detective and Mystery", "created_at": "2021-07-31T18:20:36.975Z"}}, {"model": "book.category", "pk": 11, "fields": {"name": "Literary Fiction", "created_at": "2021-07-31T18:20:41.851Z"}}, {"model": "book.category", "pk": 12, "fields": {"name": "Comic", "created_at": "2021-07-31T18:20:54.997Z"}}, {"model": "book.category", "pk": 20, "fields": {"name": "Fashion", "created_at": "2021-08-09T17:29:13.408Z"}}, {"model": "book.category", "pk": 51, "fields": {"name": "Zeliang YAO", "created_at": "2021-09-08T14:26:36.412Z"}}, {"model": "book.publisher", "pk": 1, "fields": {"name": "Pub1", "city": "Paris", "contact": "people@outlook.com", "created_at": "2021-07-31T18:21:19.128Z", "updated_by": "yaozeliang", "updated_at": "2021-07-31T18:21:19.129Z"}}, {"model": "book.publisher", "pk": 2, "fields": {"name": "Pub2", "city": "Beijing", "contact": "FakePub2@outlook.com", "created_at": "2021-07-31T18:21:27.033Z", "updated_by": "yaozeliang", "updated_at": "2021-07-31T18:21:27.034Z"}}, {"model": "book.publisher", "pk": 3, "fields": {"name": "Pub3", "city": "Rome", "contact": "FakePub3@outlook.com", "created_at": "2021-07-31T18:21:36.376Z", "updated_by": "yaozeliang", "updated_at": "2021-07-31T18:21:36.376Z"}}, {"model": "book.publisher", "pk": 4, "fields": {"name": "Pub4", "city": "Tokyo", "contact": "FakePub4@163.com", "created_at": "2021-07-31T18:21:53.540Z", "updated_by": "yaozeliang", "updated_at": "2021-08-01T15:14:28.407Z"}}, {"model": "book.publisher", "pk": 5, "fields": {"name": "Fake Pub 5", "city": "Paris", "contact": "FakePub5@outlook.com", "created_at": "2021-08-05T10:03:22.230Z", "updated_by": "yaozeliang", "updated_at": "2021-08-16T17:06:11.552Z"}}, {"model": "book.publisher", "pk": 11, "fields": {"name": "Fake Pub 99", "city": "Paris", "contact": "a@gmail.com", "created_at": "2021-08-29T20:57:26.189Z", "updated_by": "yaozeliang", "updated_at": "2021-08-29T20:57:26.200Z"}}, {"model": "book.book", "pk": 1, "fields": {"author": "B1", "title": "T1", "description": "is simply dummy text of the printing and typesetting industry. Lorem Ipsum has been the industry's standard dummy text ever since the 1500s,", "created_at": "2021-07-31T18:22:29.835Z", "updated_at": "2021-09-10T23:04:20.234Z", "total_borrow_times": 5, "quantity": 16, "category": 2, "publisher": 2, "status": 0, "floor_number": 1, "bookshelf_number": "A004", "updated_by": "yaozeliang"}}, {"model": "book.book", "pk": 2, "fields": {"author": "B2", "title": "T2", "description": "is simply dummy text of the printing and typesetting industry. Lorem Ipsum has been the industry's standard dummy text ever since the 1500s,", "created_at": "2021-07-31T18:22:50.489Z", "updated_at": "2021-09-11T11:37:54.381Z", "total_borrow_times": 2, "quantity": 26, "category": 3, "publisher": 1, "status": 0, "floor_number": 3, "bookshelf_number": "C099", "updated_by": "yaozeliang"}}, {"model": "book.book", "pk": 3, "fields": {"author": "B3", "title": "T3", "description": "is simply dummy text of the printing and typesetting industry. Lorem Ipsum has been the industry's standard dummy text ever since the 1500s,", "created_at": "2021-07-31T18:23:14.800Z", "updated_at": "2021-08-15T17:07:22.109Z", "total_borrow_times": 3, "quantity": 43, "category": 6, "publisher": 4, "status": 0, "floor_number": 2, "bookshelf_number": "B012", "updated_by": "yaozeliang"}}, {"model": "book.book", "pk": 4, "fields": {"author": "Jk.Rowling", "title": "MarkdownTestA", "description": "ADDADFADFASFS", "created_at": "2021-07-31T18:23:39.506Z", "updated_at": "2021-09-10T22:57:00.781Z", "total_borrow_times": 22, "quantity": 4, "category": 11, "publisher": 3, "status": 0, "floor_number": 1, "bookshelf_number": "C001", "updated_by": "yaozeliang"}}, {"model": "book.book", "pk": 5, "fields": {"author": "Marie-Christine Helg", "title": "Your Titleo", "description": "adfadfas", "created_at": "2021-07-31T20:05:51.202Z", "updated_at": "2021-09-10T23:12:08.369Z", "total_borrow_times": 7, "quantity": 4, "category": 8, "publisher": 2, "status": 1, "floor_number": 2, "bookshelf_number": "C001", "updated_by": "yaozeliang"}}, {"model": "book.book", "pk": 6, "fields": {"author": "Jk.Rowling", "title": "Harry Potter Children's Collection", "description": "adfaadfs", "created_at": "2021-08-02T17:50:43.193Z", "updated_at": "2021-09-10T22:51:07.033Z", "total_borrow_times": 21, "quantity": 9, "category": 5, "publisher": 2, "status": 0, "floor_number": 3, "bookshelf_number": "C071", "updated_by": "admin_1"}}, {"model": "book.book", "pk": 7, "fields": {"author": "Test Book", "title": "Test Title", "description": "adsfadsfasdfasadsfadsfasdf", "created_at": "2021-08-02T18:09:29.120Z", "updated_at": "2021-09-10T21:24:02.207Z", "total_borrow_times": 3, "quantity": 399, "category": 2, "publisher": 3, "status": 0, "floor_number": 3, "bookshelf_number": "B028", "updated_by": "yaozeliang"}}, {"model": "book.book", "pk": 8, "fields": {"author": "A.D. Martel", "title": "Amazing Test Book", "description": "Here's the amazing book", "created_at": "2021-08-03T18:54:38.342Z", "updated_at": "2021-09-11T11:31:26.573Z", "total_borrow_times": 13, "quantity": 87, "category": 9, "publisher": 2, "status": 0, "floor_number": 1, "bookshelf_number": "C076", "updated_by": "yaozeliang"}}, {"model": "book.book", "pk": 9, "fields": {"author": "Best Author", "title": "Best Book", "description": "this is the description", "created_at": "2021-08-03T20:17:09.402Z", "updated_at": "2021-09-11T11:42:25.425Z", "total_borrow_times": 9, "quantity": 91, "category": 7, "publisher": 3, "status": 0, "floor_number": 1, "bookshelf_number": "C012", "updated_by": "yaozeliang"}}, {"model": "book.book", "pk": 10, "fields": {"author": "Jk.Rowling", "title": "Harry Potter and magic stone", "description": "adffaaaaaaaaaa", "created_at": "2021-08-07T17:29:19.723Z", "updated_at": "2021-09-10T21:34:59.859Z", "total_borrow_times": 9, "quantity": 189, "category": 5, "publisher": 3, "status": 0, "floor_number": 2, "bookshelf_number": "C004", "updated_by": "yaozeliang"}}, {"model": "book.book", "pk": 11, "fields": {"author": "Zeliang", "title": "My favourite", "description": "ADFADFADSFASDF", "created_at": "2021-08-20T08:38:55.975Z", "updated_at": "2021-09-10T21:41:24.138Z", "total_borrow_times": 5, "quantity": 19, "category": 4, "publisher": 4, "status": 0, "floor_number": 2, "bookshelf_number": "C091", "updated_by": "yaozeliang"}}, {"model": "book.useractivity", "pk": 2, "fields": {"created_by": "yaozeliang", "created_at": "2021-07-31T18:19:30.489Z", "operation_type": "success", "target_model": "Category", "detail": "Create Category << Economics >>"}}, {"model": "book.useractivity", "pk": 4, "fields": {"created_by": "yaozeliang", "created_at": "2021-07-31T18:19:43.235Z", "operation_type": "success", "target_model": "Category", "detail": "Create Category << Finance >>"}}, {"model": "book.useractivity", "pk": 5, "fields": {"created_by": "yaozeliang", "created_at": "2021-07-31T18:19:49.226Z", "operation_type": "success", "target_model": "Category", "detail": "Create Category << Historical >>"}}, {"model": "book.useractivity", "pk": 6, "fields": {"created_by": "yaozeliang", "created_at": "2021-07-31T18:19:56.921Z", "operation_type": "success", "target_model": "Category", "detail": "Create Category << Fantasy >>"}}, {"model": "book.useractivity", "pk": 7, "fields": {"created_by": "yaozeliang", "created_at": "2021-07-31T18:20:02.320Z", "operation_type": "success", "target_model": "Category", "detail": "Create Category << Cooking >>"}}, {"model": "book.useractivity", "pk": 8, "fields": {"created_by": "yaozeliang", "created_at": "2021-07-31T18:20:10.285Z", "operation_type": "success", "target_model": "Category", "detail": "Create Category << Computers & Tech >>"}}, {"model": "book.useractivity", "pk": 9, "fields": {"created_by": "yaozeliang", "created_at": "2021-07-31T18:20:17.994Z", "operation_type": "success", "target_model": "Category", "detail": "Create Category << Fiction >>"}}, {"model": "book.useractivity", "pk": 10, "fields": {"created_by": "yaozeliang", "created_at": "2021-07-31T18:20:31.209Z", "operation_type": "success", "target_model": "Category", "detail": "Create Category << Watch >>"}}, {"model": "book.useractivity", "pk": 11, "fields": {"created_by": "yaozeliang", "created_at": "2021-07-31T18:20:36.991Z", "operation_type": "success", "target_model": "Category", "detail": "Create Category << Detective and Mystery >>"}}, {"model": "book.useractivity", "pk": 12, "fields": {"created_by": "yaozeliang", "created_at": "2021-07-31T18:20:41.855Z", "operation_type": "success", "target_model": "Category", "detail": "Create Category << Literary Fiction >>"}}, {"model": "book.useractivity", "pk": 13, "fields": {"created_by": "yaozeliang", "created_at": "2021-07-31T18:20:55.001Z", "operation_type": "success", "target_model": "Category", "detail": "Create Category << Comic >>"}}, {"model": "book.useractivity", "pk": 14, "fields": {"created_by": "yaozeliang", "created_at": "2021-07-31T18:21:19.135Z", "operation_type": "success", "target_model": "Publisher", "detail": "Create Publisher << Pub1 >>"}}, {"model": "book.useractivity", "pk": 15, "fields": {"created_by": "yaozeliang", "created_at": "2021-07-31T18:21:27.038Z", "operation_type": "success", "target_model": "Publisher", "detail": "Create Publisher << Pub2 >>"}}, {"model": "book.useractivity", "pk": 16, "fields": {"created_by": "yaozeliang", "created_at": "2021-07-31T18:21:36.381Z", "operation_type": "success", "target_model": "Publisher", "detail": "Create Publisher << Pub3 >>"}}, {"model": "book.useractivity", "pk": 17, "fields": {"created_by": "yaozeliang", "created_at": "2021-07-31T18:21:53.545Z", "operation_type": "success", "target_model": "Publisher", "detail": "Create Publisher << Pub4 >>"}}, {"model": "book.useractivity", "pk": 18, "fields": {"created_by": "yaozeliang", "created_at": "2021-07-31T18:22:29.870Z", "operation_type": "success", "target_model": "Book", "detail": "Create Book << T1 >>"}}, {"model": "book.useractivity", "pk": 19, "fields": {"created_by": "yaozeliang", "created_at": "2021-07-31T18:22:50.498Z", "operation_type": "success", "target_model": "Book", "detail": "Create Book << T2 >>"}}, {"model": "book.useractivity", "pk": 20, "fields": {"created_by": "yaozeliang", "created_at": "2021-07-31T18:23:14.808Z", "operation_type": "success", "target_model": "Book", "detail": "Create Book << T3 >>"}}, {"model": "book.useractivity", "pk": 21, "fields": {"created_by": "yaozeliang", "created_at": "2021-07-31T18:23:39.540Z", "operation_type": "success", "target_model": "Book", "detail": "Create Book << MarkdownTestA >>"}}, {"model": "book.useractivity", "pk": 22, "fields": {"created_by": "yaozeliang", "created_at": "2021-07-31T18:24:22.428Z", "operation_type": "success", "target_model": "Member", "detail": "Create Member << test_m1 >>"}}, {"model": "book.useractivity", "pk": 23, "fields": {"created_by": "yaozeliang", "created_at": "2021-07-31T18:24:51.604Z", "operation_type": "success", "target_model": "Member", "detail": "Create Member << test_m3 >>"}}, {"model": "book.useractivity", "pk": 24, "fields": {"created_by": "admin_1", "created_at": "2021-07-31T18:27:11.110Z", "operation_type": "warning", "target_model": "Member", "detail": "Update Member << test_m3 >>"}}, {"model": "book.useractivity", "pk": 25, "fields": {"created_by": "admin_1", "created_at": "2021-07-31T18:27:37.761Z", "operation_type": "success", "target_model": "Member", "detail": "Create Member << test_m2 >>"}}, {"model": "book.useractivity", "pk": 27, "fields": {"created_by": "yaozeliang", "created_at": "2021-07-31T20:29:29.452Z", "operation_type": "success", "target_model": "Member", "detail": "Create Member << test_m4 >>"}}, {"model": "book.useractivity", "pk": 28, "fields": {"created_by": "admin_2", "created_at": "2021-08-01T14:17:16.566Z", "operation_type": "success", "target_model": "Member", "detail": "Create Member << test_m5 >>"}}, {"model": "book.useractivity", "pk": 29, "fields": {"created_by": "admin_2", "created_at": "2021-08-01T14:21:08.038Z", "operation_type": "success", "target_model": "Member", "detail": "Create Member << test_m6 >>"}}, {"model": "book.useractivity", "pk": 30, "fields": {"created_by": "admin_2", "created_at": "2021-08-01T14:43:43.075Z", "operation_type": "warning", "target_model": "Member", "detail": "Update Member << test_m6 >>"}}, {"model": "book.useractivity", "pk": 31, "fields": {"created_by": "admin_2", "created_at": "2021-08-01T14:45:22.652Z", "operation_type": "success", "target_model": "Category", "detail": "Create Category << Zeliang YAO >>"}}, {"model": "book.useractivity", "pk": 32, "fields": {"created_by": "admin_2", "created_at": "2021-08-01T14:46:28.613Z", "operation_type": "danger", "target_model": "Category", "detail": "Delete Category << Zeliang YAO >>"}}, {"model": "book.useractivity", "pk": 33, "fields": {"created_by": "yaozeliang", "created_at": "2021-08-01T15:14:28.399Z", "operation_type": "warning", "target_model": "Publisher", "detail": "Update Publisher << Pub4 >>"}}, {"model": "book.useractivity", "pk": 34, "fields": {"created_by": "yaozeliang", "created_at": "2021-08-01T19:27:52.556Z", "operation_type": "warning", "target_model": "Book", "detail": "Update Book << T1 >>"}}, {"model": "book.useractivity", "pk": 35, "fields": {"created_by": "yaozeliang", "created_at": "2021-08-01T20:57:48.873Z", "operation_type": "warning", "target_model": "Member", "detail": "Update Member << test_m6 >>"}}, {"model": "book.useractivity", "pk": 36, "fields": {"created_by": "yaozeliang", "created_at": "2021-08-01T21:00:50.184Z", "operation_type": "warning", "target_model": "Book", "detail": "Update Book << T2 >>"}}, {"model": "book.useractivity", "pk": 37, "fields": {"created_by": "admin_1", "created_at": "2021-08-01T21:12:01.573Z", "operation_type": "success", "target_model": "Category", "detail": "Create Category << UUUUUUUUUUUUUU >>"}}, {"model": "book.useractivity", "pk": 38, "fields": {"created_by": "admin_1", "created_at": "2021-08-01T21:12:03.986Z", "operation_type": "danger", "target_model": "Category", "detail": "Delete Category << UUUUUUUUUUUUUU >>"}}, {"model": "book.useractivity", "pk": 39, "fields": {"created_by": "admin_1", "created_at": "2021-08-01T21:12:36.001Z", "operation_type": "warning", "target_model": "Book", "detail": "Update Book << T2 >>"}}, {"model": "book.useractivity", "pk": 40, "fields": {"created_by": "yaozeliang", "created_at": "2021-08-01T21:21:02.282Z", "operation_type": "warning", "target_model": "Book", "detail": "Update Book << T2 >>"}}, {"model": "book.useractivity", "pk": 41, "fields": {"created_by": "yaozeliang", "created_at": "2021-08-01T21:21:24.322Z", "operation_type": "success", "target_model": "Category", "detail": "Create Category << Zeliang YAO >>"}}, {"model": "book.useractivity", "pk": 42, "fields": {"created_by": "yaozeliang", "created_at": "2021-08-01T21:21:32.004Z", "operation_type": "danger", "target_model": "Category", "detail": "Delete Category << Zeliang YAO >>"}}, {"model": "book.useractivity", "pk": 43, "fields": {"created_by": "yaozeliang", "created_at": "2021-08-02T09:50:39.246Z", "operation_type": "success", "target_model": "Member", "detail": "Create Member << test_m5 >>"}}, {"model": "book.useractivity", "pk": 45, "fields": {"created_by": "yaozeliang", "created_at": "2021-08-02T17:47:27.397Z", "operation_type": "warning", "target_model": "Member", "detail": "Update Member << test_m5 >>"}}, {"model": "book.useractivity", "pk": 46, "fields": {"created_by": "yaozeliang", "created_at": "2021-08-02T17:48:44.161Z", "operation_type": "success", "target_model": "BorrowRecord", "detail": "New BorrowRecord '5' => <<4>>"}}, {"model": "book.useractivity", "pk": 47, "fields": {"created_by": "yaozeliang", "created_at": "2021-08-02T17:50:43.225Z", "operation_type": "success", "target_model": "Book", "detail": "Create Book << Harry Potter Children's Collection >>"}}, {"model": "book.useractivity", "pk": 48, "fields": {"created_by": "yaozeliang", "created_at": "2021-08-02T18:01:13.651Z", "operation_type": "success", "target_model": "BorrowRecord", "detail": "New BorrowRecord 'test_m7' => <<MarkdownTestA>>"}}, {"model": "book.useractivity", "pk": 49, "fields": {"created_by": "yaozeliang", "created_at": "2021-08-02T18:09:29.155Z", "operation_type": "success", "target_model": "Book", "detail": "Create Book << Test Title >>"}}, {"model": "book.useractivity", "pk": 50, "fields": {"created_by": "yaozeliang", "created_at": "2021-08-02T18:11:53.485Z", "operation_type": "success", "target_model": "BorrowRecord", "detail": " 'test_m5' borrowed <<Test Title>>"}}, {"model": "book.useractivity", "pk": 51, "fields": {"created_by": "yaozeliang", "created_at": "2021-08-02T18:19:38.344Z", "operation_type": "danger", "target_model": "BorrowRecord", "detail": "Delete BorrowRecord 'test_m5' borrowed <<Test Title>>"}}, {"model": "book.useractivity", "pk": 52, "fields": {"created_by": "yaozeliang", "created_at": "2021-08-02T18:19:42.791Z", "operation_type": "danger", "target_model": "BorrowRecord", "detail": "Delete BorrowRecord 'test_m7' borrowed <<MarkdownTestA>>"}}, {"model": "book.useractivity", "pk": 53, "fields": {"created_by": "yaozeliang", "created_at": "2021-08-02T18:19:46.265Z", "operation_type": "danger", "target_model": "BorrowRecord", "detail": "Delete BorrowRecord 'test_m7' borrowed <<MarkdownTestA>>"}}, {"model": "book.useractivity", "pk": 54, "fields": {"created_by": "yaozeliang", "created_at": "2021-08-02T18:19:47.463Z", "operation_type": "danger", "target_model": "BorrowRecord", "detail": "Delete BorrowRecord 'test_m4' borrowed <<Harry Potter Children's Collection>>"}}, {"model": "book.useractivity", "pk": 55, "fields": {"created_by": "yaozeliang", "created_at": "2021-08-02T18:19:48.442Z", "operation_type": "danger", "target_model": "BorrowRecord", "detail": "Delete BorrowRecord 'test_m5' borrowed <<Test Title>>"}}, {"model": "book.useractivity", "pk": 56, "fields": {"created_by": "yaozeliang", "created_at": "2021-08-02T18:19:49.212Z", "operation_type": "danger", "target_model": "BorrowRecord", "detail": "Delete BorrowRecord 'test_m4' borrowed <<Harry Potter Children's Collection>>"}}, {"model": "book.useractivity", "pk": 57, "fields": {"created_by": "yaozeliang", "created_at": "2021-08-02T18:20:48.172Z", "operation_type": "danger", "target_model": "BorrowRecord", "detail": "Delete BorrowRecord 'test_m3' => <<T1>>"}}, {"model": "book.useractivity", "pk": 58, "fields": {"created_by": "yaozeliang", "created_at": "2021-08-02T18:22:04.632Z", "operation_type": "danger", "target_model": "BorrowRecord", "detail": "Delete BorrowRecord test_m2"}}, {"model": "book.useractivity", "pk": 59, "fields": {"created_by": "yaozeliang", "created_at": "2021-08-02T18:22:05.600Z", "operation_type": "danger", "target_model": "BorrowRecord", "detail": "Delete BorrowRecord test_m4"}}, {"model": "book.useractivity", "pk": 60, "fields": {"created_by": "yaozeliang", "created_at": "2021-08-02T18:22:50.912Z", "operation_type": "success", "target_model": "BorrowRecord", "detail": " 'test_m4' borrowed <<Test Title>>"}}, {"model": "book.useractivity", "pk": 61, "fields": {"created_by": "yaozeliang", "created_at": "2021-08-02T18:23:17.339Z", "operation_type": "success", "target_model": "BorrowRecord", "detail": " 'test_m7' borrowed <<T2>>"}}, {"model": "book.useractivity", "pk": 62, "fields": {"created_by": "yaozeliang", "created_at": "2021-08-03T13:54:39.799Z", "operation_type": "success", "target_model": "Member", "detail": "Create Member << John Brown >>"}}, {"model": "book.useractivity", "pk": 63, "fields": {"created_by": "yaozeliang", "created_at": "2021-08-03T13:55:14.533Z", "operation_type": "success", "target_model": "Member", "detail": "Create Member << John Johnson >>"}}, {"model": "book.useractivity", "pk": 64, "fields": {"created_by": "yaozeliang", "created_at": "2021-08-03T13:56:03.582Z", "operation_type": "success", "target_model": "Member", "detail": "Create Member << Andrew Green >>"}}, {"model": "book.useractivity", "pk": 65, "fields": {"created_by": "yaozeliang", "created_at": "2021-08-03T14:19:03.843Z", "operation_type": "danger", "target_model": "BorrowRecord", "detail": "Delete BorrowRecord test_m4"}}, {"model": "book.useractivity", "pk": 66, "fields": {"created_by": "yaozeliang", "created_at": "2021-08-03T18:06:19.234Z", "operation_type": "danger", "target_model": "BorrowRecord", "detail": "Delete BorrowRecord test_m4"}}, {"model": "book.useractivity", "pk": 67, "fields": {"created_by": "yaozeliang", "created_at": "2021-08-03T18:06:20.219Z", "operation_type": "danger", "target_model": "BorrowRecord", "detail": "Delete BorrowRecord test_m7"}}, {"model": "book.useractivity", "pk": 68, "fields": {"created_by": "yaozeliang", "created_at": "2021-08-03T18:13:37.545Z", "operation_type": "success", "target_model": "BorrowRecord", "detail": " 'John Brown' borrowed <<Your Titleo>>"}}, {"model": "book.useractivity", "pk": 69, "fields": {"created_by": "yaozeliang", "created_at": "2021-08-03T18:24:36.410Z", "operation_type": "success", "target_model": "BorrowRecord", "detail": " 'test_m1' borrowed <<Test Title>>"}}, {"model": "book.useractivity", "pk": 70, "fields": {"created_by": "yaozeliang", "created_at": "2021-08-03T18:24:40.317Z", "operation_type": "danger", "target_model": "BorrowRecord", "detail": "Delete BorrowRecord John Brown"}}, {"model": "book.useractivity", "pk": 71, "fields": {"created_by": "yaozeliang", "created_at": "2021-08-03T18:26:04.855Z", "operation_type": "danger", "target_model": "BorrowRecord", "detail": "Delete BorrowRecord test_m1"}}, {"model": "book.useractivity", "pk": 72, "fields": {"created_by": "yaozeliang", "created_at": "2021-08-03T18:26:20.180Z", "operation_type": "success", "target_model": "BorrowRecord", "detail": " 'John Johnson' borrowed <<Harry Potter Children's Collection>>"}}, {"model": "book.useractivity", "pk": 73, "fields": {"created_by": "yaozeliang", "created_at": "2021-08-03T18:32:27.196Z", "operation_type": "success", "target_model": "BorrowRecord", "detail": " 'John Brown' borrowed <<Harry Potter Children's Collection>>"}}, {"model": "book.useractivity", "pk": 74, "fields": {"created_by": "yaozeliang", "created_at": "2021-08-03T18:41:38.360Z", "operation_type": "success", "target_model": "BorrowRecord", "detail": " 'John Brown' borrowed <<Harry Potter Children's Collection>>"}}, {"model": "book.useractivity", "pk": 75, "fields": {"created_by": "yaozeliang", "created_at": "2021-08-03T18:44:13.663Z", "operation_type": "success", "target_model": "BorrowRecord", "detail": " 'test_m3' borrowed <<Your Titleo>>"}}, {"model": "book.useractivity", "pk": 76, "fields": {"created_by": "yaozeliang", "created_at": "2021-08-03T18:44:59.761Z", "operation_type": "success", "target_model": "BorrowRecord", "detail": " 'John Johnson' borrowed <<Test Title>>"}}, {"model": "book.useractivity", "pk": 77, "fields": {"created_by": "yaozeliang", "created_at": "2021-08-03T18:54:38.355Z", "operation_type": "success", "target_model": "Book", "detail": "Create Book << Amazing Test Book >>"}}, {"model": "book.useractivity", "pk": 78, "fields": {"created_by": "yaozeliang", "created_at": "2021-08-03T18:54:48.257Z", "operation_type": "warning", "target_model": "Book", "detail": "Update Book << Amazing Test Book >>"}}, {"model": "book.useractivity", "pk": 79, "fields": {"created_by": "yaozeliang", "created_at": "2021-08-03T18:55:06.736Z", "operation_type": "warning", "target_model": "Book", "detail": "Update Book << Amazing Test Book >>"}}, {"model": "book.useractivity", "pk": 80, "fields": {"created_by": "yaozeliang", "created_at": "2021-08-03T18:55:54.807Z", "operation_type": "warning", "target_model": "Book", "detail": "Update Book << Test Title >>"}}, {"model": "book.useractivity", "pk": 81, "fields": {"created_by": "yaozeliang", "created_at": "2021-08-03T18:56:03.515Z", "operation_type": "warning", "target_model": "Book", "detail": "Update Book << Amazing Test Book >>"}}, {"model": "book.useractivity", "pk": 82, "fields": {"created_by": "yaozeliang", "created_at": "2021-08-03T18:56:30.180Z", "operation_type": "success", "target_model": "BorrowRecord", "detail": " 'John Brown' borrowed <<Amazing Test Book>>"}}, {"model": "book.useractivity", "pk": 83, "fields": {"created_by": "yaozeliang", "created_at": "2021-08-03T19:04:25.490Z", "operation_type": "danger", "target_model": "BorrowRecord", "detail": "Delete BorrowRecord test_m3"}}, {"model": "book.useractivity", "pk": 84, "fields": {"created_by": "yaozeliang", "created_at": "2021-08-03T19:04:26.289Z", "operation_type": "danger", "target_model": "BorrowRecord", "detail": "Delete BorrowRecord John Brown"}}, {"model": "book.useractivity", "pk": 85, "fields": {"created_by": "yaozeliang", "created_at": "2021-08-03T19:04:27.045Z", "operation_type": "danger", "target_model": "BorrowRecord", "detail": "Delete BorrowRecord John Johnson"}}, {"model": "book.useractivity", "pk": 86, "fields": {"created_by": "yaozeliang", "created_at": "2021-08-03T19:04:43.458Z", "operation_type": "success", "target_model": "BorrowRecord", "detail": " 'John Brown' borrowed <<Amazing Test Book>>"}}, {"model": "book.useractivity", "pk": 87, "fields": {"created_by": "yaozeliang", "created_at": "2021-08-03T19:05:57.444Z", "operation_type": "success", "target_model": "BorrowRecord", "detail": " 'test_m6' borrowed <<Amazing Test Book>>"}}, {"model": "book.useractivity", "pk": 88, "fields": {"created_by": "yaozeliang", "created_at": "2021-08-03T19:07:37.880Z", "operation_type": "danger", "target_model": "BorrowRecord", "detail": "Delete BorrowRecord John Brown"}}, {"model": "book.useractivity", "pk": 89, "fields": {"created_by": "yaozeliang", "created_at": "2021-08-03T19:07:38.830Z", "operation_type": "danger", "target_model": "BorrowRecord", "detail": "Delete BorrowRecord test_m6"}}, {"model": "book.useractivity", "pk": 90, "fields": {"created_by": "yaozeliang", "created_at": "2021-08-03T19:07:47.120Z", "operation_type": "success", "target_model": "BorrowRecord", "detail": " 'John Brown' borrowed <<Amazing Test Book>>"}}, {"model": "book.useractivity", "pk": 91, "fields": {"created_by": "yaozeliang", "created_at": "2021-08-03T19:21:12.346Z", "operation_type": "success", "target_model": "BorrowRecord", "detail": " 'Andrew Green' borrowed <<Amazing Test Book>>"}}, {"model": "book.useractivity", "pk": 92, "fields": {"created_by": "yaozeliang", "created_at": "2021-08-03T19:21:18.358Z", "operation_type": "danger", "target_model": "BorrowRecord", "detail": "Delete BorrowRecord Andrew Green"}}, {"model": "book.useractivity", "pk": 93, "fields": {"created_by": "yaozeliang", "created_at": "2021-08-03T19:21:27.725Z", "operation_type": "success", "target_model": "BorrowRecord", "detail": " 'Andrew Green' borrowed <<Amazing Test Book>>"}}, {"model": "book.useractivity", "pk": 94, "fields": {"created_by": "yaozeliang", "created_at": "2021-08-03T20:17:09.419Z", "operation_type": "success", "target_model": "Book", "detail": "Create Book << Best Book >>"}}, {"model": "book.useractivity", "pk": 95, "fields": {"created_by": "yaozeliang", "created_at": "2021-08-03T20:17:32.727Z", "operation_type": "warning", "target_model": "Book", "detail": "Update Book << Best Book >>"}}, {"model": "book.useractivity", "pk": 96, "fields": {"created_by": "yaozeliang", "created_at": "2021-08-03T20:18:31.194Z", "operation_type": "success", "target_model": "Member", "detail": "Create Member << Claire Andson >>"}}, {"model": "book.useractivity", "pk": 97, "fields": {"created_by": "yaozeliang", "created_at": "2021-08-03T20:36:17.553Z", "operation_type": "success", "target_model": "BorrowRecord", "detail": " 'John Brown' borrowed <<Harry Potter Children's Collection>>"}}, {"model": "book.useractivity", "pk": 98, "fields": {"created_by": "yaozeliang", "created_at": "2021-08-03T20:37:03.883Z", "operation_type": "success", "target_model": "BorrowRecord", "detail": " 'Claire Andson' borrowed <<MarkdownTestA>>"}}, {"model": "book.useractivity", "pk": 99, "fields": {"created_by": "yaozeliang", "created_at": "2021-08-03T20:37:29.522Z", "operation_type": "danger", "target_model": "BorrowRecord", "detail": "Delete BorrowRecord Claire Andson"}}, {"model": "book.useractivity", "pk": 100, "fields": {"created_by": "yaozeliang", "created_at": "2021-08-03T20:37:50.353Z", "operation_type": "success", "target_model": "BorrowRecord", "detail": " 'Andrew Green' borrowed <<MarkdownTestA>>"}}, {"model": "book.useractivity", "pk": 101, "fields": {"created_by": "yaozeliang", "created_at": "2021-08-03T20:44:06.705Z", "operation_type": "success", "target_model": "BorrowRecord", "detail": " 'test_m1' borrowed <<T1>>"}}, {"model": "book.useractivity", "pk": 102, "fields": {"created_by": "yaozeliang", "created_at": "2021-08-03T20:46:04.301Z", "operation_type": "success", "target_model": "BorrowRecord", "detail": " 'John Johnson' borrowed <<Best Book>>"}}, {"model": "book.useractivity", "pk": 103, "fields": {"created_by": "yaozeliang", "created_at": "2021-08-04T07:49:52.811Z", "operation_type": "danger", "target_model": "BorrowRecord", "detail": "Delete BorrowRecord John Johnson"}}, {"model": "book.useractivity", "pk": 104, "fields": {"created_by": "yaozeliang", "created_at": "2021-08-04T08:25:38.317Z", "operation_type": "success", "target_model": "BorrowRecord", "detail": " 'John Brown' borrowed <<Best Book>>"}}, {"model": "book.useractivity", "pk": 105, "fields": {"created_by": "yaozeliang", "created_at": "2021-08-04T18:14:31.781Z", "operation_type": "success", "target_model": "BorrowRecord", "detail": " 'John Brown' borrowed <<Best Book>>"}}, {"model": "book.useractivity", "pk": 106, "fields": {"created_by": "yaozeliang", "created_at": "2021-08-04T18:14:36.718Z", "operation_type": "danger", "target_model": "BorrowRecord", "detail": "Delete BorrowRecord John Brown"}}, {"model": "book.useractivity", "pk": 107, "fields": {"created_by": "yaozeliang", "created_at": "2021-08-04T18:14:38.317Z", "operation_type": "danger", "target_model": "BorrowRecord", "detail": "Delete BorrowRecord Andrew Green"}}, {"model": "book.useractivity", "pk": 108, "fields": {"created_by": "yaozeliang", "created_at": "2021-08-04T18:14:39.322Z", "operation_type": "danger", "target_model": "BorrowRecord", "detail": "Delete BorrowRecord Andrew Green"}}, {"model": "book.useractivity", "pk": 109, "fields": {"created_by": "yaozeliang", "created_at": "2021-08-04T18:14:40.086Z", "operation_type": "danger", "target_model": "BorrowRecord", "detail": "Delete BorrowRecord test_m1"}}, {"model": "book.useractivity", "pk": 110, "fields": {"created_by": "yaozeliang", "created_at": "2021-08-04T18:14:43.511Z", "operation_type": "danger", "target_model": "BorrowRecord", "detail": "Delete BorrowRecord John Brown"}}, {"model": "book.useractivity", "pk": 111, "fields": {"created_by": "yaozeliang", "created_at": "2021-08-04T18:43:45.625Z", "operation_type": "success", "target_model": "BorrowRecord", "detail": " 'John Brown' borrowed <<Amazing Test Book>>"}}, {"model": "book.useractivity", "pk": 112, "fields": {"created_by": "admin_1", "created_at": "2021-08-04T18:49:13.698Z", "operation_type": "success", "target_model": "Member", "detail": "Create Member << Emilia >>"}}, {"model": "book.useractivity", "pk": 113, "fields": {"created_by": "admin_1", "created_at": "2021-08-04T18:50:28.290Z", "operation_type": "success", "target_model": "BorrowRecord", "detail": " 'Emilia' borrowed <<Best Book>>"}}, {"model": "book.useractivity", "pk": 114, "fields": {"created_by": "yaozeliang", "created_at": "2021-08-05T10:03:22.267Z", "operation_type": "success", "target_model": "Publisher", "detail": "Create Publisher << Fake Pub 5 >>"}}, {"model": "book.useractivity", "pk": 115, "fields": {"created_by": "yaozeliang", "created_at": "2021-08-05T10:15:56.456Z", "operation_type": "warning", "target_model": "Member", "detail": "Update Member << Emilia >>"}}, {"model": "book.useractivity", "pk": 116, "fields": {"created_by": "yaozeliang", "created_at": "2021-08-05T10:16:52.846Z", "operation_type": "warning", "target_model": "Member", "detail": "Update Member << Emilia >>"}}, {"model": "book.useractivity", "pk": 117, "fields": {"created_by": "yaozeliang", "created_at": "2021-08-05T10:19:55.861Z", "operation_type": "warning", "target_model": "Member", "detail": "Update Member << Emilia >>"}}, {"model": "book.useractivity", "pk": 118, "fields": {"created_by": "yaozeliang", "created_at": "2021-08-05T10:20:48.180Z", "operation_type": "warning", "target_model": "Member", "detail": "Update Member << Emilia >>"}}, {"model": "book.useractivity", "pk": 119, "fields": {"created_by": "yaozeliang", "created_at": "2021-08-05T13:02:42.473Z", "operation_type": "warning", "target_model": "Member", "detail": "Update Member << Emilia >>"}}, {"model": "book.useractivity", "pk": 120, "fields": {"created_by": "yaozeliang", "created_at": "2021-08-05T13:19:40.909Z", "operation_type": "success", "target_model": "BorrowRecord", "detail": " 'John Brown' borrowed <<Amazing Test Book>>"}}, {"model": "book.useractivity", "pk": 121, "fields": {"created_by": "yaozeliang", "created_at": "2021-08-05T13:25:17.890Z", "operation_type": "danger", "target_model": "BorrowRecord", "detail": "Delete BorrowRecord John Brown"}}, {"model": "book.useractivity", "pk": 122, "fields": {"created_by": "yaozeliang", "created_at": "2021-08-05T14:06:12.447Z", "operation_type": "success", "target_model": "Member", "detail": "Create Member << anderson green >>"}}, {"model": "book.useractivity", "pk": 123, "fields": {"created_by": "yaozeliang", "created_at": "2021-08-05T14:08:39.067Z", "operation_type": "success", "target_model": "BorrowRecord", "detail": " 'anderson green' borrowed <<Best Book>>"}}, {"model": "book.useractivity", "pk": 124, "fields": {"created_by": "yaozeliang", "created_at": "2021-08-07T17:28:02.222Z", "operation_type": "success", "target_model": "BorrowRecord", "detail": " 'Claire Andson' borrowed <<Harry Potter Children's Collection>>"}}, {"model": "book.useractivity", "pk": 125, "fields": {"created_by": "yaozeliang", "created_at": "2021-08-07T17:29:19.735Z", "operation_type": "success", "target_model": "Book", "detail": "Create Book << Harry Potter and magic stone >>"}}, {"model": "book.useractivity", "pk": 126, "fields": {"created_by": "yaozeliang", "created_at": "2021-08-07T17:29:54.591Z", "operation_type": "success", "target_model": "BorrowRecord", "detail": " 'Claire Andson' borrowed <<Harry Potter and magic stone>>"}}, {"model": "book.useractivity", "pk": 127, "fields": {"created_by": "yaozeliang", "created_at": "2021-08-07T19:16:50.162Z", "operation_type": "success", "target_model": "BorrowRecord", "detail": " 'Claire Andson' borrowed <<Best Book>>"}}, {"model": "book.useractivity", "pk": 128, "fields": {"created_by": "yaozeliang", "created_at": "2021-08-09T10:49:15.158Z", "operation_type": "warning", "target_model": "Book", "detail": "Update Book << Harry Potter and magic stone >>"}}, {"model": "book.useractivity", "pk": 129, "fields": {"created_by": "admin_1", "created_at": "2021-08-09T17:18:10.590Z", "operation_type": "success", "target_model": "Category", "detail": "Create Category << xxxxxxxxxxx >>"}}, {"model": "book.useractivity", "pk": 130, "fields": {"created_by": "admin_1", "created_at": "2021-08-09T17:22:34.541Z", "operation_type": "success", "target_model": "Category", "detail": "Create Category << xxxxxxxxxxx >>"}}, {"model": "book.useractivity", "pk": 131, "fields": {"created_by": "admin_1", "created_at": "2021-08-09T17:24:09.357Z", "operation_type": "danger", "target_model": "Category", "detail": "Delete Category << xxxxxxxxxxx >>"}}, {"model": "book.useractivity", "pk": 132, "fields": {"created_by": "admin_1", "created_at": "2021-08-09T17:25:34.678Z", "operation_type": "danger", "target_model": "Category", "detail": "Delete Category << xxxxxxxxxxx >>"}}, {"model": "book.useractivity", "pk": 133, "fields": {"created_by": "admin_1", "created_at": "2021-08-09T17:27:38.028Z", "operation_type": "success", "target_model": "Category", "detail": "Create Category << qqqqqqqqq >>"}}, {"model": "book.useractivity", "pk": 134, "fields": {"created_by": "admin_1", "created_at": "2021-08-09T17:27:47.653Z", "operation_type": "success", "target_model": "Category", "detail": "Create Category << 7777 >>"}}, {"model": "book.useractivity", "pk": 135, "fields": {"created_by": "admin_1", "created_at": "2021-08-09T17:28:54.656Z", "operation_type": "danger", "target_model": "Category", "detail": "Delete Category << 7777 >>"}}, {"model": "book.useractivity", "pk": 136, "fields": {"created_by": "admin_1", "created_at": "2021-08-09T17:29:13.413Z", "operation_type": "success", "target_model": "Category", "detail": "Create Category << Fashion >>"}}, {"model": "book.useractivity", "pk": 137, "fields": {"created_by": "admin_1", "created_at": "2021-08-09T17:29:34.340Z", "operation_type": "success", "target_model": "Category", "detail": "Create Category << 7777 >>"}}, {"model": "book.useractivity", "pk": 138, "fields": {"created_by": "admin_1", "created_at": "2021-08-09T17:36:05.247Z", "operation_type": "danger", "target_model": "Category", "detail": "Delete Category << 7777 >>"}}, {"model": "book.useractivity", "pk": 139, "fields": {"created_by": "admin_1", "created_at": "2021-08-09T17:38:05.707Z", "operation_type": "success", "target_model": "Member", "detail": "Create Member << test_m99 >>"}}, {"model": "book.useractivity", "pk": 140, "fields": {"created_by": "admin_1", "created_at": "2021-08-09T17:48:11.524Z", "operation_type": "danger", "target_model": "Category", "detail": "Delete Category << qqqqqqqqq >>"}}, {"model": "book.useractivity", "pk": 141, "fields": {"created_by": "admin_1", "created_at": "2021-08-09T17:54:01.132Z", "operation_type": "success", "target_model": "BorrowRecord", "detail": " 'John Brown' borrowed <<Harry Potter and magic stone>>"}}, {"model": "book.useractivity", "pk": 142, "fields": {"created_by": "yaozeliang", "created_at": "2021-08-09T18:07:42.102Z", "operation_type": "success", "target_model": "BorrowRecord", "detail": " 'test_m99' borrowed <<T1>>"}}, {"model": "book.useractivity", "pk": 143, "fields": {"created_by": "yaozeliang", "created_at": "2021-08-11T14:33:32.659Z", "operation_type": "danger", "target_model": "BorrowRecord", "detail": "Close BorrowRecord 'John Brown'=>Best Book"}}, {"model": "book.useractivity", "pk": 144, "fields": {"created_by": "yaozeliang", "created_at": "2021-08-11T15:13:58.291Z", "operation_type": "danger", "target_model": "BorrowRecord", "detail": "Close BorrowRecord 'anderson green'=>Best Book"}}, {"model": "book.useractivity", "pk": 145, "fields": {"created_by": "yaozeliang", "created_at": "2021-08-11T17:31:01.566Z", "operation_type": "danger", "target_model": "BorrowRecord", "detail": "Close BorrowRecord 'John Brown'=>Amazing Test Book"}}, {"model": "book.useractivity", "pk": 147, "fields": {"created_by": "admin_1", "created_at": "2021-08-11T20:57:56.572Z", "operation_type": "success", "target_model": "BorrowRecord", "detail": " 'test_m3' borrowed <<Harry Potter Children's Collection>>"}}, {"model": "book.useractivity", "pk": 148, "fields": {"created_by": "admin_1", "created_at": "2021-08-11T21:02:00.804Z", "operation_type": "success", "target_model": "BorrowRecord", "detail": " 'test_m1' borrowed <<Your Titleo>>"}}, {"model": "book.useractivity", "pk": 150, "fields": {"created_by": "yaozeliang", "created_at": "2021-08-11T21:06:46.497Z", "operation_type": "success", "target_model": "BorrowRecord", "detail": " 'Andrew Green' borrowed <<Your Titleo>>"}}, {"model": "book.useractivity", "pk": 152, "fields": {"created_by": "yaozeliang", "created_at": "2021-08-11T21:09:53.463Z", "operation_type": "danger", "target_model": "BorrowRecord", "detail": "Delete BorrowRecord John Brown"}}, {"model": "book.useractivity", "pk": 153, "fields": {"created_by": "yaozeliang", "created_at": "2021-08-11T21:09:56.763Z", "operation_type": "danger", "target_model": "BorrowRecord", "detail": "Delete BorrowRecord Emilia"}}, {"model": "book.useractivity", "pk": 154, "fields": {"created_by": "yaozeliang", "created_at": "2021-08-11T21:17:41.989Z", "operation_type": "danger", "target_model": "BorrowRecord", "detail": "Delete BorrowRecord Andrew Green"}}, {"model": "book.useractivity", "pk": 155, "fields": {"created_by": "yaozeliang", "created_at": "2021-08-11T21:19:27.082Z", "operation_type": "warning", "target_model": "Book", "detail": "Update Book << T1 >>"}}, {"model": "book.useractivity", "pk": 156, "fields": {"created_by": "yaozeliang", "created_at": "2021-08-11T21:20:01.173Z", "operation_type": "success", "target_model": "BorrowRecord", "detail": " 'test_m99' borrowed <<T1>>"}}, {"model": "book.useractivity", "pk": 157, "fields": {"created_by": "yaozeliang", "created_at": "2021-08-11T21:20:15.707Z", "operation_type": "info", "target_model": "BorrowRecord", "detail": "Close BorrowRecord 'test_m99'=>T1"}}, {"model": "book.useractivity", "pk": 158, "fields": {"created_by": "yaozeliang", "created_at": "2021-08-11T21:20:56.314Z", "operation_type": "danger", "target_model": "BorrowRecord", "detail": "Delete BorrowRecord test_m99"}}, {"model": "book.useractivity", "pk": 159, "fields": {"created_by": "admin_1", "created_at": "2021-08-12T12:56:18.990Z", "operation_type": "success", "target_model": "BorrowRecord", "detail": " 'test_m7' borrowed <<Harry Potter and magic stone>>"}}, {"model": "book.useractivity", "pk": 160, "fields": {"created_by": "admin_1", "created_at": "2021-08-12T12:57:51.874Z", "operation_type": "success", "target_model": "BorrowRecord", "detail": " 'test_m7' borrowed <<Amazing Test Book>>"}}, {"model": "book.useractivity", "pk": 161, "fields": {"created_by": "admin_1", "created_at": "2021-08-12T13:04:57.823Z", "operation_type": "info", "target_model": "BorrowRecord", "detail": "Close BorrowRecord 'test_m7'=>Amazing Test Book"}}, {"model": "book.useractivity", "pk": 162, "fields": {"created_by": "admin_1", "created_at": "2021-08-12T13:05:34.054Z", "operation_type": "info", "target_model": "BorrowRecord", "detail": "Close BorrowRecord 'test_m7'=>Amazing Test Book"}}, {"model": "book.useractivity", "pk": 163, "fields": {"created_by": "admin_1", "created_at": "2021-08-12T13:06:54.045Z", "operation_type": "info", "target_model": "BorrowRecord", "detail": "Close BorrowRecord 'test_m7'=>Amazing Test Book"}}, {"model": "book.useractivity", "pk": 164, "fields": {"created_by": "admin_1", "created_at": "2021-08-12T13:39:02.209Z", "operation_type": "success", "target_model": "Member", "detail": "Create Member << test_100 >>"}}, {"model": "book.useractivity", "pk": 165, "fields": {"created_by": "admin_1", "created_at": "2021-08-12T13:40:14.251Z", "operation_type": "success", "target_model": "BorrowRecord", "detail": " 'test_100' borrowed <<Harry Potter Children's Collection>>"}}, {"model": "book.useractivity", "pk": 166, "fields": {"created_by": "admin_1", "created_at": "2021-08-12T13:41:07.062Z", "operation_type": "success", "target_model": "BorrowRecord", "detail": " 'test_100' borrowed <<Harry Potter Children's Collection>>"}}, {"model": "book.useractivity", "pk": 167, "fields": {"created_by": "admin_1", "created_at": "2021-08-12T13:44:30.143Z", "operation_type": "success", "target_model": "BorrowRecord", "detail": " 'test_100' borrowed <<Amazing Test Book>>"}}, {"model": "book.useractivity", "pk": 168, "fields": {"created_by": "admin_1", "created_at": "2021-08-12T13:54:21.681Z", "operation_type": "warning", "target_model": "Book", "detail": "Update Book << Harry Potter Children's Collection >>"}}, {"model": "book.useractivity", "pk": 169, "fields": {"created_by": "admin_1", "created_at": "2021-08-12T13:54:31.754Z", "operation_type": "warning", "target_model": "Book", "detail": "Update Book << Harry Potter Children's Collection >>"}}, {"model": "book.useractivity", "pk": 170, "fields": {"created_by": "admin_1", "created_at": "2021-08-12T13:55:07.543Z", "operation_type": "success", "target_model": "BorrowRecord", "detail": " 'anderson green' borrowed <<Harry Potter Children's Collection>>"}}, {"model": "book.useractivity", "pk": 171, "fields": {"created_by": "admin_1", "created_at": "2021-08-12T13:58:30.313Z", "operation_type": "success", "target_model": "BorrowRecord", "detail": " 'test_m1' borrowed <<Harry Potter Children's Collection>>"}}, {"model": "book.useractivity", "pk": 172, "fields": {"created_by": "admin_1", "created_at": "2021-08-12T14:00:06.795Z", "operation_type": "success", "target_model": "BorrowRecord", "detail": " 'test_m1' borrowed <<Amazing Test Book>>"}}, {"model": "book.useractivity", "pk": 173, "fields": {"created_by": "admin_1", "created_at": "2021-08-12T14:00:23.317Z", "operation_type": "success", "target_model": "BorrowRecord", "detail": " 'Andrew Green' borrowed <<Harry Potter and magic stone>>"}}, {"model": "book.useractivity", "pk": 174, "fields": {"created_by": "admin_1", "created_at": "2021-08-12T14:01:56.614Z", "operation_type": "success", "target_model": "BorrowRecord", "detail": " 'Andrew Green' borrowed <<Harry Potter Children's Collection>>"}}, {"model": "book.useractivity", "pk": 175, "fields": {"created_by": "admin_1", "created_at": "2021-08-12T14:02:16.749Z", "operation_type": "success", "target_model": "BorrowRecord", "detail": " 'Claire Andson' borrowed <<MarkdownTestA>>"}}, {"model": "book.useractivity", "pk": 176, "fields": {"created_by": "admin_1", "created_at": "2021-08-12T14:02:27.737Z", "operation_type": "success", "target_model": "BorrowRecord", "detail": " 'Andrew Green' borrowed <<MarkdownTestA>>"}}, {"model": "book.useractivity", "pk": 177, "fields": {"created_by": "yaozeliang", "created_at": "2021-08-12T14:11:20.531Z", "operation_type": "info", "target_model": "BorrowRecord", "detail": "Close BorrowRecord 'test_100'=>Amazing Test Book"}}, {"model": "book.useractivity", "pk": 178, "fields": {"created_by": "yaozeliang", "created_at": "2021-08-12T14:15:14.837Z", "operation_type": "info", "target_model": "BorrowRecord", "detail": "Close BorrowRecord 'test_m1'=>Amazing Test Book"}}, {"model": "book.useractivity", "pk": 179, "fields": {"created_by": "yaozeliang", "created_at": "2021-08-12T14:16:12.999Z", "operation_type": "success", "target_model": "BorrowRecord", "detail": " 'test_100' borrowed <<Harry Potter and magic stone>>"}}, {"model": "book.useractivity", "pk": 180, "fields": {"created_by": "yaozeliang", "created_at": "2021-08-12T14:26:27.621Z", "operation_type": "info", "target_model": "BorrowRecord", "detail": "Close BorrowRecord 'Claire Andson'=>MarkdownTestA"}}, {"model": "book.useractivity", "pk": 181, "fields": {"created_by": "yaozeliang", "created_at": "2021-08-12T14:26:33.098Z", "operation_type": "info", "target_model": "BorrowRecord", "detail": "Close BorrowRecord 'Andrew Green'=>MarkdownTestA"}}, {"model": "book.useractivity", "pk": 182, "fields": {"created_by": "yaozeliang", "created_at": "2021-08-12T18:48:02.871Z", "operation_type": "success", "target_model": "BorrowRecord", "detail": " 'test_m3' borrowed <<Harry Potter Children's Collection>>"}}, {"model": "book.useractivity", "pk": 183, "fields": {"created_by": "yaozeliang", "created_at": "2021-08-12T18:48:33.906Z", "operation_type": "success", "target_model": "BorrowRecord", "detail": " 'test_m1' borrowed <<Harry Potter and magic stone>>"}}, {"model": "book.useractivity", "pk": 184, "fields": {"created_by": "yaozeliang", "created_at": "2021-08-12T18:49:06.109Z", "operation_type": "success", "target_model": "BorrowRecord", "detail": " 'test_m1' borrowed <<MarkdownTestA>>"}}, {"model": "book.useractivity", "pk": 185, "fields": {"created_by": "yaozeliang", "created_at": "2021-08-13T07:23:12.372Z", "operation_type": "success", "target_model": "BorrowRecord", "detail": " 'John Brown' borrowed <<Test Title>>"}}, {"model": "book.useractivity", "pk": 186, "fields": {"created_by": "yaozeliang", "created_at": "2021-08-13T07:23:25.461Z", "operation_type": "info", "target_model": "BorrowRecord", "detail": "Close BorrowRecord 'test_m1'=>MarkdownTestA"}}, {"model": "book.useractivity", "pk": 187, "fields": {"created_by": "yaozeliang", "created_at": "2021-08-13T13:12:35.311Z", "operation_type": "success", "target_model": "BorrowRecord", "detail": " 'test_100' borrowed <<Your Titleo>>"}}, {"model": "book.useractivity", "pk": 188, "fields": {"created_by": "yaozeliang", "created_at": "2021-08-13T13:31:30.458Z", "operation_type": "info", "target_model": "BorrowRecord", "detail": "Close BorrowRecord 'test_100'=>Your Titleo"}}, {"model": "book.useractivity", "pk": 189, "fields": {"created_by": "yaozeliang", "created_at": "2021-08-13T13:37:31.032Z", "operation_type": "warning", "target_model": "Book", "detail": "Update Book << Test Title >>"}}, {"model": "book.useractivity", "pk": 190, "fields": {"created_by": "yaozeliang", "created_at": "2021-08-13T13:41:11.689Z", "operation_type": "success", "target_model": "Member", "detail": "Create Member << Last Member >>"}}, {"model": "book.useractivity", "pk": 191, "fields": {"created_by": "yaozeliang", "created_at": "2021-08-14T18:28:06.802Z", "operation_type": "danger", "target_model": "BorrowRecord", "detail": "Delete BorrowRecord test_100"}}, {"model": "book.useractivity", "pk": 192, "fields": {"created_by": "yaozeliang", "created_at": "2021-08-15T16:27:36.579Z", "operation_type": "success", "target_model": "BorrowRecord", "detail": " 'test_100' borrowed <<T3>>"}}, {"model": "book.useractivity", "pk": 193, "fields": {"created_by": "yaozeliang", "created_at": "2021-08-15T17:03:24.373Z", "operation_type": "danger", "target_model": "BorrowRecord", "detail": "Delete BorrowRecord test_m1"}}, {"model": "book.useractivity", "pk": 194, "fields": {"created_by": "yaozeliang", "created_at": "2021-08-15T17:03:28.718Z", "operation_type": "danger", "target_model": "BorrowRecord", "detail": "Delete BorrowRecord Claire Andson"}}, {"model": "book.useractivity", "pk": 195, "fields": {"created_by": "yaozeliang", "created_at": "2021-08-15T17:03:32.182Z", "operation_type": "danger", "target_model": "BorrowRecord", "detail": "Delete BorrowRecord test_100"}}, {"model": "book.useractivity", "pk": 196, "fields": {"created_by": "yaozeliang", "created_at": "2021-08-15T17:03:33.948Z", "operation_type": "danger", "target_model": "BorrowRecord", "detail": "Delete BorrowRecord test_m7"}}, {"model": "book.useractivity", "pk": 197, "fields": {"created_by": "yaozeliang", "created_at": "2021-08-15T17:05:05.252Z", "operation_type": "danger", "target_model": "BorrowRecord", "detail": "Delete BorrowRecord John Brown"}}, {"model": "book.useractivity", "pk": 198, "fields": {"created_by": "yaozeliang", "created_at": "2021-08-15T17:05:07.318Z", "operation_type": "danger", "target_model": "BorrowRecord", "detail": "Delete BorrowRecord test_m99"}}, {"model": "book.useractivity", "pk": 199, "fields": {"created_by": "yaozeliang", "created_at": "2021-08-15T17:05:09.133Z", "operation_type": "danger", "target_model": "BorrowRecord", "detail": "Delete BorrowRecord test_m1"}}, {"model": "book.useractivity", "pk": 200, "fields": {"created_by": "yaozeliang", "created_at": "2021-08-15T17:05:11.574Z", "operation_type": "danger", "target_model": "BorrowRecord", "detail": "Delete BorrowRecord Claire Andson"}}, {"model": "book.useractivity", "pk": 201, "fields": {"created_by": "yaozeliang", "created_at": "2021-08-15T17:05:12.928Z", "operation_type": "danger", "target_model": "BorrowRecord", "detail": "Delete BorrowRecord anderson green"}}, {"model": "book.useractivity", "pk": 202, "fields": {"created_by": "yaozeliang", "created_at": "2021-08-15T17:05:14.760Z", "operation_type": "danger", "target_model": "BorrowRecord", "detail": "Delete BorrowRecord test_m1"}}, {"model": "book.useractivity", "pk": 203, "fields": {"created_by": "yaozeliang", "created_at": "2021-08-15T17:05:26.487Z", "operation_type": "danger", "target_model": "BorrowRecord", "detail": "Delete BorrowRecord Andrew Green"}}, {"model": "book.useractivity", "pk": 204, "fields": {"created_by": "yaozeliang", "created_at": "2021-08-15T17:06:22.085Z", "operation_type": "success", "target_model": "BorrowRecord", "detail": " 'test_100' borrowed <<T3>>"}}, {"model": "book.useractivity", "pk": 205, "fields": {"created_by": "yaozeliang", "created_at": "2021-08-15T17:07:22.113Z", "operation_type": "success", "target_model": "BorrowRecord", "detail": " 'test_100' borrowed <<T3>>"}}, {"model": "book.useractivity", "pk": 206, "fields": {"created_by": "yaozeliang", "created_at": "2021-08-16T09:14:56.456Z", "operation_type": "success", "target_model": "Category", "detail": "Create Category << \u9ec4\u91d1\u5e74\u4ee3 >>"}}, {"model": "book.useractivity", "pk": 207, "fields": {"created_by": "yaozeliang", "created_at": "2021-08-16T12:42:44.460Z", "operation_type": "success", "target_model": "BorrowRecord", "detail": " 'test_100' borrowed <<MarkdownTestA>>"}}, {"model": "book.useractivity", "pk": 208, "fields": {"created_by": "yaozeliang", "created_at": "2021-08-16T12:46:44.160Z", "operation_type": "success", "target_model": "BorrowRecord", "detail": " 'test_m2' borrowed <<Harry Potter Children's Collection>>"}}, {"model": "book.useractivity", "pk": 209, "fields": {"created_by": "yaozeliang", "created_at": "2021-08-16T12:47:13.121Z", "operation_type": "success", "target_model": "BorrowRecord", "detail": " 'test_m2' borrowed <<Harry Potter Children's Collection>>"}}, {"model": "book.useractivity", "pk": 210, "fields": {"created_by": "yaozeliang", "created_at": "2021-08-16T12:48:11.174Z", "operation_type": "success", "target_model": "BorrowRecord", "detail": " 'Emilia' borrowed <<Amazing Test Book>>"}}, {"model": "book.useractivity", "pk": 211, "fields": {"created_by": "yaozeliang", "created_at": "2021-08-16T12:53:15.603Z", "operation_type": "info", "target_model": "BorrowRecord", "detail": "Close BorrowRecord 'Emilia'=>Amazing Test Book"}}, {"model": "book.useractivity", "pk": 212, "fields": {"created_by": "yaozeliang", "created_at": "2021-08-18T18:28:32.226Z", "operation_type": "danger", "target_model": "Category", "detail": "Delete Category << \u9ec4\u91d1\u5e74\u4ee3 >>"}}, {"model": "book.useractivity", "pk": 213, "fields": {"created_by": "admin_2", "created_at": "2021-08-20T08:27:25.469Z", "operation_type": "success", "target_model": "Publisher", "detail": "Create Publisher << \u9ec4\u91d1\u5e74\u4ee3 >>"}}, {"model": "book.useractivity", "pk": 214, "fields": {"created_by": "admin_2", "created_at": "2021-08-20T08:27:30.888Z", "operation_type": "warning", "target_model": "Publisher", "detail": "Update Publisher << \u9ec4\u91d1\u5e74\u4ee3 >>"}}, {"model": "book.useractivity", "pk": 215, "fields": {"created_by": "admin_2", "created_at": "2021-08-20T08:27:32.784Z", "operation_type": "danger", "target_model": "Publisher", "detail": "Delete Publisher << \u9ec4\u91d1 >>"}}, {"model": "book.useractivity", "pk": 216, "fields": {"created_by": "admin_2", "created_at": "2021-08-20T08:28:50.853Z", "operation_type": "success", "target_model": "BorrowRecord", "detail": " 'Last Member' borrowed <<Harry Potter Children's Collection>>"}}, {"model": "book.useractivity", "pk": 217, "fields": {"created_by": "admin_2", "created_at": "2021-08-20T08:29:21.624Z", "operation_type": "success", "target_model": "BorrowRecord", "detail": " 'Last Member' borrowed <<Harry Potter Children's Collection>>"}}, {"model": "book.useractivity", "pk": 218, "fields": {"created_by": "admin_2", "created_at": "2021-08-20T08:29:59.017Z", "operation_type": "success", "target_model": "BorrowRecord", "detail": " 'Claire Andson' borrowed <<MarkdownTestA>>"}}, {"model": "book.useractivity", "pk": 219, "fields": {"created_by": "admin_2", "created_at": "2021-08-20T08:36:53.796Z", "operation_type": "info", "target_model": "BorrowRecord", "detail": "Close BorrowRecord 'Claire Andson'=>MarkdownTestA"}}, {"model": "book.useractivity", "pk": 220, "fields": {"created_by": "admin_2", "created_at": "2021-08-20T08:38:55.984Z", "operation_type": "success", "target_model": "Book", "detail": "Create Book << My favourite >>"}}, {"model": "book.useractivity", "pk": 221, "fields": {"created_by": "admin_2", "created_at": "2021-08-20T08:39:31.148Z", "operation_type": "success", "target_model": "BorrowRecord", "detail": " 'Claire Andson' borrowed <<My favourite>>"}}, {"model": "book.useractivity", "pk": 222, "fields": {"created_by": "admin_2", "created_at": "2021-08-20T08:40:35.524Z", "operation_type": "info", "target_model": "BorrowRecord", "detail": "Close BorrowRecord 'Claire Andson'=>My favourite"}}, {"model": "book.useractivity", "pk": 223, "fields": {"created_by": "admin_2", "created_at": "2021-08-25T21:48:41.836Z", "operation_type": "success", "target_model": "BorrowRecord", "detail": " 'Last Member' borrowed <<My favourite>>"}}, {"model": "book.useractivity", "pk": 224, "fields": {"created_by": "admin_2", "created_at": "2021-08-26T12:58:19.827Z", "operation_type": "success", "target_model": "BorrowRecord", "detail": " 'Emilia' borrowed <<MarkdownTestA>>"}}, {"model": "book.useractivity", "pk": 225, "fields": {"created_by": "admin_1", "created_at": "2021-08-27T20:22:47.814Z", "operation_type": "success", "target_model": "Category", "detail": "Create Category << \u9ec4\u91d1\u5e74\u4ee3 >>"}}, {"model": "book.useractivity", "pk": 226, "fields": {"created_by": "admin_1", "created_at": "2021-08-27T20:26:56.835Z", "operation_type": "success", "target_model": "Category", "detail": "Create Category << \u9ec4\u91d1\u5e74\u4ee3 >>"}}, {"model": "book.useractivity", "pk": 227, "fields": {"created_by": "admin_1", "created_at": "2021-08-27T20:27:00.496Z", "operation_type": "danger", "target_model": "Category", "detail": "Delete Category << \u9ec4\u91d1\u5e74\u4ee3 >>"}}, {"model": "book.useractivity", "pk": 228, "fields": {"created_by": "admin_1", "created_at": "2021-08-27T20:27:01.808Z", "operation_type": "danger", "target_model": "Category", "detail": "Delete Category << \u9ec4\u91d1\u5e74\u4ee3 >>"}}, {"model": "book.useractivity", "pk": 229, "fields": {"created_by": "admin_1", "created_at": "2021-08-27T20:27:04.875Z", "operation_type": "success", "target_model": "Category", "detail": "Create Category << \u9ec4\u91d1\u5e74\u4ee3 >>"}}, {"model": "book.useractivity", "pk": 230, "fields": {"created_by": "admin_1", "created_at": "2021-08-28T11:30:12.071Z", "operation_type": "danger", "target_model": "Category", "detail": "Delete Category << \u9ec4\u91d1\u5e74\u4ee3 >>"}}, {"model": "book.useractivity", "pk": 231, "fields": {"created_by": "admin_1", "created_at": "2021-08-28T11:30:16.170Z", "operation_type": "success", "target_model": "Category", "detail": "Create Category << \u9ec4\u91d1\u5e74\u4ee3 >>"}}, {"model": "book.useractivity", "pk": 232, "fields": {"created_by": "admin_1", "created_at": "2021-08-28T11:35:34.664Z", "operation_type": "danger", "target_model": "Category", "detail": "Delete Category << \u9ec4\u91d1\u5e74\u4ee3 >>"}}, {"model": "book.useractivity", "pk": 233, "fields": {"created_by": "admin_1", "created_at": "2021-08-28T11:35:38.654Z", "operation_type": "success", "target_model": "Category", "detail": "Create Category << \u9ec4\u91d1\u5e74\u4ee3 >>"}}, {"model": "book.useractivity", "pk": 234, "fields": {"created_by": "admin_1", "created_at": "2021-08-28T11:40:02.721Z", "operation_type": "danger", "target_model": "Category", "detail": "Delete Category << \u9ec4\u91d1\u5e74\u4ee3 >>"}}, {"model": "book.useractivity", "pk": 235, "fields": {"created_by": "yaozeliang", "created_at": "2021-08-29T14:39:26.944Z", "operation_type": "success", "target_model": "BorrowRecord", "detail": " 'test_m5' borrowed <<Harry Potter Children's Collection>>"}}, {"model": "book.useractivity", "pk": 236, "fields": {"created_by": "yaozeliang", "created_at": "2021-08-29T14:39:47.546Z", "operation_type": "success", "target_model": "BorrowRecord", "detail": " 'test_m99' borrowed <<MarkdownTestA>>"}}, {"model": "book.useractivity", "pk": 237, "fields": {"created_by": "admin_1", "created_at": "2021-08-29T15:14:32.442Z", "operation_type": "success", "target_model": "Category", "detail": "Create Category << Headphone >>"}}, {"model": "book.useractivity", "pk": 238, "fields": {"created_by": "admin_1", "created_at": "2021-08-29T15:19:03.817Z", "operation_type": "success", "target_model": "Category", "detail": "Create Category << Watch >>"}}, {"model": "book.useractivity", "pk": 239, "fields": {"created_by": "admin_1", "created_at": "2021-08-29T15:19:06.235Z", "operation_type": "danger", "target_model": "Category", "detail": "Delete Category << Headphone >>"}}, {"model": "book.useractivity", "pk": 240, "fields": {"created_by": "admin_1", "created_at": "2021-08-29T15:19:09.322Z", "operation_type": "danger", "target_model": "Category", "detail": "Delete Category << Watch >>"}}, {"model": "book.useractivity", "pk": 241, "fields": {"created_by": "admin_1", "created_at": "2021-08-29T15:19:41.053Z", "operation_type": "success", "target_model": "Member", "detail": "Create Member << Lora >>"}}, {"model": "book.useractivity", "pk": 242, "fields": {"created_by": "admin_1", "created_at": "2021-08-29T15:21:24.693Z", "operation_type": "success", "target_model": "Category", "detail": "Create Category << \u9ec4\u91d1\u5e74\u4ee3 >>"}}, {"model": "book.useractivity", "pk": 243, "fields": {"created_by": "admin_1", "created_at": "2021-08-29T15:21:27.061Z", "operation_type": "danger", "target_model": "Category", "detail": "Delete Category << \u9ec4\u91d1\u5e74\u4ee3 >>"}}, {"model": "book.useractivity", "pk": 244, "fields": {"created_by": "admin_1", "created_at": "2021-08-29T15:23:08.555Z", "operation_type": "success", "target_model": "Category", "detail": "Create Category << Zeliang YAO >>"}}, {"model": "book.useractivity", "pk": 245, "fields": {"created_by": "admin_1", "created_at": "2021-08-29T15:23:35.481Z", "operation_type": "danger", "target_model": "Member", "detail": "Delete Member << Lora >>"}}, {"model": "book.useractivity", "pk": 246, "fields": {"created_by": "admin_1", "created_at": "2021-08-29T15:29:50.508Z", "operation_type": "danger", "target_model": "Category", "detail": "Delete Category << Zeliang YAO >>"}}, {"model": "book.useractivity", "pk": 247, "fields": {"created_by": "admin_1", "created_at": "2021-08-29T15:29:55.170Z", "operation_type": "success", "target_model": "Category", "detail": "Create Category << Zeliang YAO >>"}}, {"model": "book.useractivity", "pk": 248, "fields": {"created_by": "admin_1", "created_at": "2021-08-29T15:33:01.342Z", "operation_type": "success", "target_model": "Member", "detail": "Create Member << lora >>"}}, {"model": "book.useractivity", "pk": 249, "fields": {"created_by": "admin_1", "created_at": "2021-08-29T15:33:10.459Z", "operation_type": "danger", "target_model": "Category", "detail": "Delete Category << Zeliang YAO >>"}}, {"model": "book.useractivity", "pk": 250, "fields": {"created_by": "admin_1", "created_at": "2021-08-29T15:33:23.264Z", "operation_type": "success", "target_model": "Category", "detail": "Create Category << Fake Cat 67 >>"}}, {"model": "book.useractivity", "pk": 251, "fields": {"created_by": "admin_1", "created_at": "2021-08-29T15:36:27.856Z", "operation_type": "warning", "target_model": "Member", "detail": "Update Member << lora >>"}}, {"model": "book.useractivity", "pk": 252, "fields": {"created_by": "admin_1", "created_at": "2021-08-29T15:36:30.948Z", "operation_type": "danger", "target_model": "Member", "detail": "Delete Member << lora >>"}}, {"model": "book.useractivity", "pk": 253, "fields": {"created_by": "admin_1", "created_at": "2021-08-29T18:56:11.662Z", "operation_type": "success", "target_model": "Category", "detail": "Create Category << Fake Cat 999 >>"}}, {"model": "book.useractivity", "pk": 254, "fields": {"created_by": "admin_1", "created_at": "2021-08-29T18:56:15.582Z", "operation_type": "danger", "target_model": "Category", "detail": "Delete Category << Fake Cat 999 >>"}}, {"model": "book.useractivity", "pk": 255, "fields": {"created_by": "admin_1", "created_at": "2021-08-29T18:56:57.519Z", "operation_type": "success", "target_model": "Member", "detail": "Create Member << Lousen >>"}}, {"model": "book.useractivity", "pk": 256, "fields": {"created_by": "admin_1", "created_at": "2021-08-29T19:08:52.039Z", "operation_type": "danger", "target_model": "Category", "detail": "Delete Category << Fake Cat 67 >>"}}, {"model": "book.useractivity", "pk": 257, "fields": {"created_by": "admin_1", "created_at": "2021-08-29T19:59:17.000Z", "operation_type": "success", "target_model": "Category", "detail": "Create Category << Database >>"}}, {"model": "book.useractivity", "pk": 258, "fields": {"created_by": "admin_1", "created_at": "2021-08-29T19:59:34.136Z", "operation_type": "success", "target_model": "Category", "detail": "Create Category << Database >>"}}, {"model": "book.useractivity", "pk": 259, "fields": {"created_by": "admin_1", "created_at": "2021-08-29T19:59:37.959Z", "operation_type": "danger", "target_model": "Category", "detail": "Delete Category << Database >>"}}, {"model": "book.useractivity", "pk": 260, "fields": {"created_by": "admin_1", "created_at": "2021-08-29T19:59:40.750Z", "operation_type": "danger", "target_model": "Category", "detail": "Delete Category << Database >>"}}, {"model": "book.useractivity", "pk": 261, "fields": {"created_by": "admin_1", "created_at": "2021-08-29T20:06:07.127Z", "operation_type": "success", "target_model": "Category", "detail": "Create Category << Fake Cat 888 >>"}}, {"model": "book.useractivity", "pk": 262, "fields": {"created_by": "admin_1", "created_at": "2021-08-29T20:06:09.669Z", "operation_type": "danger", "target_model": "Category", "detail": "Delete Category << Fake Cat 888 >>"}}, {"model": "book.useractivity", "pk": 263, "fields": {"created_by": "yaozeliang", "created_at": "2021-08-29T20:06:48.823Z", "operation_type": "success", "target_model": "Category", "detail": "Create Category << Watch >>"}}, {"model": "book.useractivity", "pk": 264, "fields": {"created_by": "yaozeliang", "created_at": "2021-08-29T20:09:01.738Z", "operation_type": "success", "target_model": "Category", "detail": "Create Category << Zeliang YAO >>"}}, {"model": "book.useractivity", "pk": 265, "fields": {"created_by": "yaozeliang", "created_at": "2021-08-29T20:09:03.459Z", "operation_type": "danger", "target_model": "Category", "detail": "Delete Category << Watch >>"}}, {"model": "book.useractivity", "pk": 266, "fields": {"created_by": "yaozeliang", "created_at": "2021-08-29T20:09:07.308Z", "operation_type": "danger", "target_model": "Category", "detail": "Delete Category << Zeliang YAO >>"}}, {"model": "book.useractivity", "pk": 267, "fields": {"created_by": "yaozeliang", "created_at": "2021-08-29T20:14:13.393Z", "operation_type": "success", "target_model": "Category", "detail": "Create Category << \u9ec4\u91d1\u5e74\u4ee3 >>"}}, {"model": "book.useractivity", "pk": 268, "fields": {"created_by": "yaozeliang", "created_at": "2021-08-29T20:14:15.064Z", "operation_type": "danger", "target_model": "Category", "detail": "Delete Category << \u9ec4\u91d1\u5e74\u4ee3 >>"}}, {"model": "book.useractivity", "pk": 269, "fields": {"created_by": "yaozeliang", "created_at": "2021-08-29T20:18:41.201Z", "operation_type": "success", "target_model": "Category", "detail": "Create Category << test_m3 >>"}}, {"model": "book.useractivity", "pk": 270, "fields": {"created_by": "yaozeliang", "created_at": "2021-08-29T20:18:43.409Z", "operation_type": "danger", "target_model": "Category", "detail": "Delete Category << test_m3 >>"}}, {"model": "book.useractivity", "pk": 271, "fields": {"created_by": "admin_2", "created_at": "2021-08-29T20:31:19.880Z", "operation_type": "success", "target_model": "Category", "detail": "Create Category << test_m4 >>"}}, {"model": "book.useractivity", "pk": 272, "fields": {"created_by": "admin_2", "created_at": "2021-08-29T20:31:21.735Z", "operation_type": "danger", "target_model": "Category", "detail": "Delete Category << test_m4 >>"}}, {"model": "book.useractivity", "pk": 273, "fields": {"created_by": "admin_2", "created_at": "2021-08-29T20:38:01.102Z", "operation_type": "success", "target_model": "Publisher", "detail": "Create Publisher << Fake Pub 99 >>"}}, {"model": "book.useractivity", "pk": 274, "fields": {"created_by": "admin_2", "created_at": "2021-08-29T20:39:39.424Z", "operation_type": "danger", "target_model": "Publisher", "detail": "Delete Publisher << Fake Pub 99 >>"}}, {"model": "book.useractivity", "pk": 275, "fields": {"created_by": "admin_1", "created_at": "2021-08-29T20:44:12.031Z", "operation_type": "success", "target_model": "Category", "detail": "Create Category << Lousen >>"}}, {"model": "book.useractivity", "pk": 276, "fields": {"created_by": "admin_1", "created_at": "2021-08-29T20:44:15.345Z", "operation_type": "danger", "target_model": "Category", "detail": "Delete Category << Lousen >>"}}, {"model": "book.useractivity", "pk": 277, "fields": {"created_by": "admin_1", "created_at": "2021-08-29T20:44:45.521Z", "operation_type": "success", "target_model": "Publisher", "detail": "Create Publisher << Fake Pub 98 >>"}}, {"model": "book.useractivity", "pk": 278, "fields": {"created_by": "admin_1", "created_at": "2021-08-29T20:44:50.733Z", "operation_type": "danger", "target_model": "Publisher", "detail": "Delete Publisher << Fake Pub 98 >>"}}, {"model": "book.useractivity", "pk": 279, "fields": {"created_by": "admin_1", "created_at": "2021-08-29T20:47:15.121Z", "operation_type": "success", "target_model": "Category", "detail": "Create Category << anderson green >>"}}, {"model": "book.useractivity", "pk": 280, "fields": {"created_by": "admin_1", "created_at": "2021-08-29T20:47:16.834Z", "operation_type": "danger", "target_model": "Category", "detail": "Delete Category << anderson green >>"}}, {"model": "book.useractivity", "pk": 281, "fields": {"created_by": "admin_1", "created_at": "2021-08-29T20:47:41.837Z", "operation_type": "success", "target_model": "Publisher", "detail": "Create Publisher << Fake Pub 900 >>"}}, {"model": "book.useractivity", "pk": 282, "fields": {"created_by": "admin_1", "created_at": "2021-08-29T20:47:44.178Z", "operation_type": "danger", "target_model": "Publisher", "detail": "Delete Publisher << Fake Pub 900 >>"}}, {"model": "book.useractivity", "pk": 283, "fields": {"created_by": "yaozeliang", "created_at": "2021-08-29T20:48:45.861Z", "operation_type": "success", "target_model": "Category", "detail": "Create Category << test_m4 >>"}}, {"model": "book.useractivity", "pk": 284, "fields": {"created_by": "yaozeliang", "created_at": "2021-08-29T20:48:47.705Z", "operation_type": "danger", "target_model": "Category", "detail": "Delete Category << test_m4 >>"}}, {"model": "book.useractivity", "pk": 285, "fields": {"created_by": "yaozeliang", "created_at": "2021-08-29T20:52:02.960Z", "operation_type": "success", "target_model": "Category", "detail": "Create Category << test_m4 >>"}}, {"model": "book.useractivity", "pk": 286, "fields": {"created_by": "yaozeliang", "created_at": "2021-08-29T20:52:05.002Z", "operation_type": "danger", "target_model": "Category", "detail": "Delete Category << test_m4 >>"}}, {"model": "book.useractivity", "pk": 287, "fields": {"created_by": "yaozeliang", "created_at": "2021-08-29T20:57:26.196Z", "operation_type": "success", "target_model": "Publisher", "detail": "Create Publisher << Fake Pub 99 >>"}}, {"model": "book.useractivity", "pk": 288, "fields": {"created_by": "yaozeliang", "created_at": "2021-08-29T20:57:33.020Z", "operation_type": "danger", "target_model": "Publisher", "detail": "Delete Publisher << Fake Pub 99 >>"}}, {"model": "book.useractivity", "pk": 289, "fields": {"created_by": "yaozeliang", "created_at": "2021-08-30T12:01:38.461Z", "operation_type": "info", "target_model": "BorrowRecord", "detail": "Close BorrowRecord 'Last Member'=>My favourite"}}, {"model": "book.useractivity", "pk": 290, "fields": {"created_by": "yaozeliang", "created_at": "2021-08-30T12:01:48.163Z", "operation_type": "info", "target_model": "BorrowRecord", "detail": "Close BorrowRecord 'Last Member'=>My favourite"}}, {"model": "book.useractivity", "pk": 291, "fields": {"created_by": "yaozeliang", "created_at": "2021-08-30T12:05:14.644Z", "operation_type": "info", "target_model": "BorrowRecord", "detail": "Close BorrowRecord 'Last Member'=>My favourite"}}, {"model": "book.useractivity", "pk": 292, "fields": {"created_by": "yaozeliang", "created_at": "2021-08-30T12:10:10.957Z", "operation_type": "info", "target_model": "BorrowRecord", "detail": "Close BorrowRecord 'Emilia'=>MarkdownTestA"}}, {"model": "book.useractivity", "pk": 293, "fields": {"created_by": "yaozeliang", "created_at": "2021-08-30T12:11:35.988Z", "operation_type": "info", "target_model": "BorrowRecord", "detail": "Close BorrowRecord 'Emilia'=>MarkdownTestA"}}, {"model": "book.useractivity", "pk": 294, "fields": {"created_by": "yaozeliang", "created_at": "2021-08-30T12:12:54.735Z", "operation_type": "info", "target_model": "BorrowRecord", "detail": "Close BorrowRecord 'Emilia'=>MarkdownTestA"}}, {"model": "book.useractivity", "pk": 295, "fields": {"created_by": "yaozeliang", "created_at": "2021-08-30T12:13:03.425Z", "operation_type": "info", "target_model": "BorrowRecord", "detail": "Close BorrowRecord 'Emilia'=>MarkdownTestA"}}, {"model": "book.useractivity", "pk": 296, "fields": {"created_by": "yaozeliang", "created_at": "2021-08-30T12:14:10.121Z", "operation_type": "info", "target_model": "BorrowRecord", "detail": "Close BorrowRecord 'test_m99'=>MarkdownTestA"}}, {"model": "book.useractivity", "pk": 297, "fields": {"created_by": "yaozeliang", "created_at": "2021-08-30T12:14:37.487Z", "operation_type": "info", "target_model": "BorrowRecord", "detail": "Close BorrowRecord 'test_m99'=>MarkdownTestA"}}, {"model": "book.useractivity", "pk": 298, "fields": {"created_by": "yaozeliang", "created_at": "2021-08-30T12:15:02.923Z", "operation_type": "info", "target_model": "BorrowRecord", "detail": "Close BorrowRecord 'test_m99'=>MarkdownTestA"}}, {"model": "book.useractivity", "pk": 299, "fields": {"created_by": "yaozeliang", "created_at": "2021-08-30T12:15:19.966Z", "operation_type": "info", "target_model": "BorrowRecord", "detail": "Close BorrowRecord 'test_m99'=>MarkdownTestA"}}, {"model": "book.useractivity", "pk": 300, "fields": {"created_by": "yaozeliang", "created_at": "2021-08-30T12:15:26.745Z", "operation_type": "info", "target_model": "BorrowRecord", "detail": "Close BorrowRecord 'test_m99'=>MarkdownTestA"}}, {"model": "book.useractivity", "pk": 301, "fields": {"created_by": "yaozeliang", "created_at": "2021-08-30T12:15:41.218Z", "operation_type": "info", "target_model": "BorrowRecord", "detail": "Close BorrowRecord 'Emilia'=>MarkdownTestA"}}, {"model": "book.useractivity", "pk": 302, "fields": {"created_by": "yaozeliang", "created_at": "2021-08-30T12:15:54.522Z", "operation_type": "info", "target_model": "BorrowRecord", "detail": "Close BorrowRecord 'Emilia'=>MarkdownTestA"}}, {"model": "book.useractivity", "pk": 303, "fields": {"created_by": "yaozeliang", "created_at": "2021-08-30T12:15:59.006Z", "operation_type": "info", "target_model": "BorrowRecord", "detail": "Close BorrowRecord 'Emilia'=>MarkdownTestA"}}, {"model": "book.useractivity", "pk": 304, "fields": {"created_by": "yaozeliang", "created_at": "2021-08-30T12:16:16.222Z", "operation_type": "info", "target_model": "BorrowRecord", "detail": "Close BorrowRecord 'test_m99'=>MarkdownTestA"}}, {"model": "book.useractivity", "pk": 305, "fields": {"created_by": "yaozeliang", "created_at": "2021-08-30T12:17:09.282Z", "operation_type": "info", "target_model": "BorrowRecord", "detail": "Close BorrowRecord 'Emilia'=>MarkdownTestA"}}, {"model": "book.useractivity", "pk": 306, "fields": {"created_by": "yaozeliang", "created_at": "2021-08-30T12:17:28.946Z", "operation_type": "info", "target_model": "BorrowRecord", "detail": "Close BorrowRecord 'test_m99'=>MarkdownTestA"}}, {"model": "book.useractivity", "pk": 307, "fields": {"created_by": "yaozeliang", "created_at": "2021-09-01T08:52:53.523Z", "operation_type": "success", "target_model": "Member", "detail": "Create Member << Septemper User >>"}}, {"model": "book.useractivity", "pk": 308, "fields": {"created_by": "yaozeliang", "created_at": "2021-09-06T22:35:28.805Z", "operation_type": "success", "target_model": "Member", "detail": "Create Member << ooo >>"}}, {"model": "book.useractivity", "pk": 309, "fields": {"created_by": "yaozeliang", "created_at": "2021-09-06T22:37:31.044Z", "operation_type": "success", "target_model": "BorrowRecord", "detail": " 'ooo' borrowed <<Test Title>>"}}, {"model": "book.useractivity", "pk": 310, "fields": {"created_by": "yaozeliang", "created_at": "2021-09-06T22:39:00.915Z", "operation_type": "info", "target_model": "BorrowRecord", "detail": "Close BorrowRecord 'ooo'=>Test Title"}}, {"model": "book.useractivity", "pk": 311, "fields": {"created_by": "yaozeliang", "created_at": "2021-09-06T22:40:29.604Z", "operation_type": "warning", "target_model": "Member", "detail": "Update Member << ooo >>"}}, {"model": "book.useractivity", "pk": 312, "fields": {"created_by": "admin_1", "created_at": "2021-09-06T22:43:42.487Z", "operation_type": "success", "target_model": "Category", "detail": "Create Category << ppppppppppppppp >>"}}, {"model": "book.useractivity", "pk": 313, "fields": {"created_by": "yaozeliang", "created_at": "2021-09-07T19:31:15.317Z", "operation_type": "success", "target_model": "BorrowRecord", "detail": " 'test_m5' borrowed <<Harry Potter Children's Collection>>"}}, {"model": "book.useractivity", "pk": 314, "fields": {"created_by": "yaozeliang", "created_at": "2021-09-07T19:31:48.725Z", "operation_type": "success", "target_model": "BorrowRecord", "detail": " 'Claire Andson' borrowed <<My favourite>>"}}, {"model": "book.useractivity", "pk": 315, "fields": {"created_by": "yaozeliang", "created_at": "2021-09-07T19:32:36.573Z", "operation_type": "success", "target_model": "BorrowRecord", "detail": " 'Claire Andson' borrowed <<Amazing Test Book>>"}}, {"model": "book.useractivity", "pk": 316, "fields": {"created_by": "yaozeliang", "created_at": "2021-09-07T20:39:00.285Z", "operation_type": "success", "target_model": "BorrowRecord", "detail": " 'Andrew Green' borrowed <<MarkdownTestA>>"}}, {"model": "book.useractivity", "pk": 317, "fields": {"created_by": "yaozeliang", "created_at": "2021-09-07T20:39:03.055Z", "operation_type": "danger", "target_model": "BorrowRecord", "detail": "Delete BorrowRecord Andrew Green"}}, {"model": "book.useractivity", "pk": 318, "fields": {"created_by": "yaozeliang", "created_at": "2021-09-08T06:46:15.697Z", "operation_type": "danger", "target_model": "Category", "detail": "Delete Category << ppppppppppppppp >>"}}, {"model": "book.useractivity", "pk": 319, "fields": {"created_by": "yaozeliang", "created_at": "2021-09-08T06:46:17.767Z", "operation_type": "danger", "target_model": "Category", "detail": "Delete Category << ppppppppppppppp >>"}}, {"model": "book.useractivity", "pk": 320, "fields": {"created_by": "yaozeliang", "created_at": "2021-09-08T12:59:46.285Z", "operation_type": "info", "target_model": "BorrowRecord", "detail": "Close BorrowRecord 'Claire Andson'=>Amazing Test Book"}}, {"model": "book.useractivity", "pk": 321, "fields": {"created_by": "yaozeliang", "created_at": "2021-09-08T14:22:31.432Z", "operation_type": "success", "target_model": "Member", "detail": "Create Member << total >>"}}, {"model": "book.useractivity", "pk": 322, "fields": {"created_by": "yaozeliang", "created_at": "2021-09-08T14:23:29.971Z", "operation_type": "success", "target_model": "BorrowRecord", "detail": " 'total' borrowed <<Harry Potter and magic stone>>"}}, {"model": "book.useractivity", "pk": 323, "fields": {"created_by": "admin_1", "created_at": "2021-09-08T14:26:36.427Z", "operation_type": "success", "target_model": "Category", "detail": "Create Category << Zeliang YAO >>"}}, {"model": "book.useractivity", "pk": 324, "fields": {"created_by": "yaozeliang", "created_at": "2021-09-08T14:30:51.216Z", "operation_type": "success", "target_model": "BorrowRecord", "detail": " 'total' borrowed <<MarkdownTestA>>"}}, {"model": "book.useractivity", "pk": 325, "fields": {"created_by": "yaozeliang", "created_at": "2021-09-09T07:54:31.816Z", "operation_type": "success", "target_model": "BorrowRecord", "detail": " 'total' borrowed <<MarkdownTestA>>"}}, {"model": "book.useractivity", "pk": 326, "fields": {"created_by": "yaozeliang", "created_at": "2021-09-09T07:54:35.268Z", "operation_type": "danger", "target_model": "BorrowRecord", "detail": "Delete BorrowRecord total"}}, {"model": "book.useractivity", "pk": 327, "fields": {"created_by": "yaozeliang", "created_at": "2021-09-09T07:54:53.473Z", "operation_type": "success", "target_model": "BorrowRecord", "detail": " 'total' borrowed <<MarkdownTestA>>"}}, {"model": "book.useractivity", "pk": 328, "fields": {"created_by": "yaozeliang", "created_at": "2021-09-09T07:54:58.815Z", "operation_type": "danger", "target_model": "BorrowRecord", "detail": "Delete BorrowRecord total"}}, {"model": "book.useractivity", "pk": 329, "fields": {"created_by": "yaozeliang", "created_at": "2021-09-09T07:55:21.963Z", "operation_type": "success", "target_model": "BorrowRecord", "detail": " 'total' borrowed <<Harry Potter Children's Collection>>"}}, {"model": "book.useractivity", "pk": 330, "fields": {"created_by": "yaozeliang", "created_at": "2021-09-09T07:56:04.215Z", "operation_type": "success", "target_model": "BorrowRecord", "detail": " 'Claire Andson' borrowed <<Amazing Test Book>>"}}, {"model": "book.useractivity", "pk": 331, "fields": {"created_by": "yaozeliang", "created_at": "2021-09-09T07:58:54.428Z", "operation_type": "danger", "target_model": "BorrowRecord", "detail": "Delete BorrowRecord Claire Andson"}}, {"model": "book.useractivity", "pk": 332, "fields": {"created_by": "yaozeliang", "created_at": "2021-09-10T21:09:55.511Z", "operation_type": "success", "target_model": "BorrowRecord", "detail": " 'total' borrowed <<MarkdownTestA>>"}}, {"model": "book.useractivity", "pk": 333, "fields": {"created_by": "yaozeliang", "created_at": "2021-09-10T21:10:09.413Z", "operation_type": "danger", "target_model": "BorrowRecord", "detail": "Delete BorrowRecord total"}}, {"model": "book.useractivity", "pk": 334, "fields": {"created_by": "yaozeliang", "created_at": "2021-09-10T21:10:12.566Z", "operation_type": "danger", "target_model": "BorrowRecord", "detail": "Delete BorrowRecord Claire Andson"}}, {"model": "book.useractivity", "pk": 335, "fields": {"created_by": "yaozeliang", "created_at": "2021-09-10T21:10:39.870Z", "operation_type": "success", "target_model": "BorrowRecord", "detail": " 'total' borrowed <<Amazing Test Book>>"}}, {"model": "book.useractivity", "pk": 336, "fields": {"created_by": "yaozeliang", "created_at": "2021-09-10T21:14:11.426Z", "operation_type": "success", "target_model": "BorrowRecord", "detail": " 'Septemper User' borrowed <<MarkdownTestA>>"}}, {"model": "book.useractivity", "pk": 337, "fields": {"created_by": "yaozeliang", "created_at": "2021-09-10T21:18:50.523Z", "operation_type": "success", "target_model": "BorrowRecord", "detail": " 'Septemper User' borrowed <<My favourite>>"}}, {"model": "book.useractivity", "pk": 338, "fields": {"created_by": "yaozeliang", "created_at": "2021-09-10T21:21:18.688Z", "operation_type": "success", "target_model": "BorrowRecord", "detail": " 'Andrew Green' borrowed <<Amazing Test Book>>"}}, {"model": "book.useractivity", "pk": 339, "fields": {"created_by": "yaozeliang", "created_at": "2021-09-10T21:24:02.212Z", "operation_type": "success", "target_model": "BorrowRecord", "detail": " 'Septemper User' borrowed <<Test Title>>"}}, {"model": "book.useractivity", "pk": 340, "fields": {"created_by": "yaozeliang", "created_at": "2021-09-10T21:27:38.993Z", "operation_type": "success", "target_model": "BorrowRecord", "detail": " 'Septemper User' borrowed <<Harry Potter and magic stone>>"}}, {"model": "book.useractivity", "pk": 341, "fields": {"created_by": "yaozeliang", "created_at": "2021-09-10T21:28:22.629Z", "operation_type": "success", "target_model": "BorrowRecord", "detail": " 'Septemper User' borrowed <<T1>>"}}, {"model": "book.useractivity", "pk": 342, "fields": {"created_by": "yaozeliang", "created_at": "2021-09-10T21:29:12.845Z", "operation_type": "success", "target_model": "BorrowRecord", "detail": " 'Lousen' borrowed <<MarkdownTestA>>"}}, {"model": "book.useractivity", "pk": 343, "fields": {"created_by": "yaozeliang", "created_at": "2021-09-10T21:31:53.726Z", "operation_type": "success", "target_model": "BorrowRecord", "detail": " 'Emilia' borrowed <<MarkdownTestA>>"}}, {"model": "book.useractivity", "pk": 344, "fields": {"created_by": "yaozeliang", "created_at": "2021-09-10T21:34:19.486Z", "operation_type": "success", "target_model": "BorrowRecord", "detail": " 'Emilia' borrowed <<Harry Potter Children's Collection>>"}}, {"model": "book.useractivity", "pk": 345, "fields": {"created_by": "yaozeliang", "created_at": "2021-09-10T21:34:59.863Z", "operation_type": "success", "target_model": "BorrowRecord", "detail": " 'Last Member' borrowed <<Harry Potter and magic stone>>"}}, {"model": "book.useractivity", "pk": 346, "fields": {"created_by": "yaozeliang", "created_at": "2021-09-10T21:36:36.888Z", "operation_type": "success", "target_model": "BorrowRecord", "detail": " 'John Brown' borrowed <<Your Titleo>>"}}, {"model": "book.useractivity", "pk": 347, "fields": {"created_by": "yaozeliang", "created_at": "2021-09-10T21:38:29.964Z", "operation_type": "success", "target_model": "BorrowRecord", "detail": " 'Andrew Green' borrowed <<Harry Potter Children's Collection>>"}}, {"model": "book.useractivity", "pk": 348, "fields": {"created_by": "yaozeliang", "created_at": "2021-09-10T21:40:38.227Z", "operation_type": "success", "target_model": "BorrowRecord", "detail": " 'Last Member' borrowed <<Harry Potter Children's Collection>>"}}, {"model": "book.useractivity", "pk": 349, "fields": {"created_by": "yaozeliang", "created_at": "2021-09-10T21:41:24.143Z", "operation_type": "success", "target_model": "BorrowRecord", "detail": " 'anderson green' borrowed <<My favourite>>"}}, {"model": "book.useractivity", "pk": 350, "fields": {"created_by": "yaozeliang", "created_at": "2021-09-10T21:53:30.605Z", "operation_type": "success", "target_model": "BorrowRecord", "detail": " 'John Brown' borrowed <<Your Titleo>>"}}, {"model": "book.useractivity", "pk": 351, "fields": {"created_by": "yaozeliang", "created_at": "2021-09-10T22:24:49.280Z", "operation_type": "success", "target_model": "BorrowRecord", "detail": " 'Andrew Green' borrowed <<MarkdownTestA>>"}}, {"model": "book.useractivity", "pk": 352, "fields": {"created_by": "yaozeliang", "created_at": "2021-09-10T22:44:20.627Z", "operation_type": "success", "target_model": "BorrowRecord", "detail": " 'Claire Andson' borrowed <<Harry Potter Children's Collection>>"}}, {"model": "book.useractivity", "pk": 353, "fields": {"created_by": "yaozeliang", "created_at": "2021-09-10T22:45:42.586Z", "operation_type": "success", "target_model": "BorrowRecord", "detail": " 'Emilia' borrowed <<MarkdownTestA>>"}}, {"model": "book.useractivity", "pk": 354, "fields": {"created_by": "yaozeliang", "created_at": "2021-09-10T22:47:08.893Z", "operation_type": "success", "target_model": "BorrowRecord", "detail": " 'Claire Andson' borrowed <<MarkdownTestA>>"}}, {"model": "book.useractivity", "pk": 355, "fields": {"created_by": "yaozeliang", "created_at": "2021-09-10T22:49:23.442Z", "operation_type": "success", "target_model": "BorrowRecord", "detail": " 'Andrew Green' borrowed <<MarkdownTestA>>"}}, {"model": "book.useractivity", "pk": 356, "fields": {"created_by": "yaozeliang", "created_at": "2021-09-10T22:51:07.038Z", "operation_type": "success", "target_model": "BorrowRecord", "detail": " 'anderson green' borrowed <<Harry Potter Children's Collection>>"}}, {"model": "book.useractivity", "pk": 357, "fields": {"created_by": "yaozeliang", "created_at": "2021-09-10T22:57:00.787Z", "operation_type": "success", "target_model": "BorrowRecord", "detail": " 'total' borrowed <<MarkdownTestA>>"}}, {"model": "book.useractivity", "pk": 358, "fields": {"created_by": "yaozeliang", "created_at": "2021-09-10T22:57:47.716Z", "operation_type": "success", "target_model": "BorrowRecord", "detail": " 'total' borrowed <<Your Titleo>>"}}, {"model": "book.useractivity", "pk": 359, "fields": {"created_by": "yaozeliang", "created_at": "2021-09-10T22:59:21.606Z", "operation_type": "success", "target_model": "BorrowRecord", "detail": " 'total' borrowed <<Best Book>>"}}, {"model": "book.useractivity", "pk": 360, "fields": {"created_by": "yaozeliang", "created_at": "2021-09-10T23:04:20.241Z", "operation_type": "success", "target_model": "BorrowRecord", "detail": " 'total' borrowed <<T1>>"}}, {"model": "book.useractivity", "pk": 361, "fields": {"created_by": "yaozeliang", "created_at": "2021-09-10T23:05:33.159Z", "operation_type": "danger", "target_model": "BorrowRecord", "detail": "Delete BorrowRecord total"}}, {"model": "book.useractivity", "pk": 362, "fields": {"created_by": "yaozeliang", "created_at": "2021-09-10T23:05:34.314Z", "operation_type": "danger", "target_model": "BorrowRecord", "detail": "Delete BorrowRecord total"}}, {"model": "book.useractivity", "pk": 363, "fields": {"created_by": "yaozeliang", "created_at": "2021-09-10T23:05:41.917Z", "operation_type": "info", "target_model": "BorrowRecord", "detail": "Close BorrowRecord 'Claire Andson'=>Amazing Test Book"}}, {"model": "book.useractivity", "pk": 364, "fields": {"created_by": "yaozeliang", "created_at": "2021-09-10T23:06:12.352Z", "operation_type": "success", "target_model": "BorrowRecord", "detail": " 'total' borrowed <<Best Book>>"}}, {"model": "book.useractivity", "pk": 365, "fields": {"created_by": "yaozeliang", "created_at": "2021-09-10T23:12:00.576Z", "operation_type": "success", "target_model": "BorrowRecord", "detail": " 'total' borrowed <<Your Titleo>>"}}, {"model": "book.useractivity", "pk": 366, "fields": {"created_by": "yaozeliang", "created_at": "2021-09-10T23:12:08.375Z", "operation_type": "info", "target_model": "BorrowRecord", "detail": "Close BorrowRecord 'total'=>Your Titleo"}}, {"model": "book.useractivity", "pk": 367, "fields": {"created_by": "yaozeliang", "created_at": "2021-09-11T11:31:26.579Z", "operation_type": "success", "target_model": "BorrowRecord", "detail": " 'total' borrowed <<Amazing Test Book>>"}}, {"model": "book.useractivity", "pk": 368, "fields": {"created_by": "yaozeliang", "created_at": "2021-09-11T11:37:54.365Z", "operation_type": "success", "target_model": "BorrowRecord", "detail": " 'total' borrowed <<T2>>"}}, {"model": "book.useractivity", "pk": 369, "fields": {"created_by": "yaozeliang", "created_at": "2021-09-11T11:37:54.384Z", "operation_type": "success", "target_model": "BorrowRecord", "detail": " 'total' borrowed <<T2>>"}}, {"model": "book.useractivity", "pk": 370, "fields": {"created_by": "yaozeliang", "created_at": "2021-09-11T11:42:25.436Z", "operation_type": "success", "target_model": "BorrowRecord", "detail": " 'Septemper User' borrowed <<Best Book>>"}}, {"model": "book.member", "pk": 1, "fields": {"name": "test_m1", "age": 20, "gender": "m", "city": "London", "email": "test_m1@gmail.com", "phone_number": "15800000000", "created_at": "2021-07-31T18:24:22.399Z", "created_by": "yaozeliang", "updated_by": "", "updated_at": "2021-07-31T18:24:22.400Z", "card_id": "41dced50-32bc-43c9-9904-e611acf969cb", "card_number": "41dced50", "expired_at": "2022-07-31T18:24:22.400Z"}}, {"model": "book.member", "pk": 2, "fields": {"name": "test_m3", "age": 18, "gender": "m", "city": "Paris", "email": "test_3@gmail.com", "phone_number": "13666666666", "created_at": "2021-07-31T18:24:51.578Z", "created_by": "yaozeliang", "updated_by": "admin_1", "updated_at": "2021-07-31T18:27:11.126Z", "card_id": "4571a875-cf32-42d0-ba4e-5f54f395e09d", "card_number": "4571a875", "expired_at": "2022-07-31T18:27:11.126Z"}}, {"model": "book.member", "pk": 3, "fields": {"name": "test_m2", "age": 20, "gender": "m", "city": "Paris", "email": "test_m2@gmail.com", "phone_number": "13000000000", "created_at": "2021-07-31T18:27:37.716Z", "created_by": "admin_1", "updated_by": "", "updated_at": "2021-07-31T18:27:37.717Z", "card_id": "d488c8c1-fc08-4502-ad54-cdc2c72a818f", "card_number": "d488c8c1", "expired_at": "2022-07-31T18:27:37.717Z"}}, {"model": "book.member", "pk": 4, "fields": {"name": "test_m4", "age": 20, "gender": "m", "city": "Beijing", "email": "test_m4@gmail.com", "phone_number": "13600000000", "created_at": "2021-07-31T20:29:29.402Z", "created_by": "yaozeliang", "updated_by": "", "updated_at": "2021-07-31T20:29:29.408Z", "card_id": "709d3c7d-f2ff-48b6-b80e-2e49c59ddc7f", "card_number": "709d3c7d", "expired_at": "2022-07-31T20:29:29.407Z"}}, {"model": "book.member", "pk": 5, "fields": {"name": "test_m7", "age": 20, "gender": "m", "city": "Beijing", "email": "test_5@gmail.com", "phone_number": "15098765432", "created_at": "2021-08-01T14:17:16.551Z", "created_by": "admin_2", "updated_by": "yaozeliang", "updated_at": "2021-08-02T17:47:27.412Z", "card_id": "79db64d6-464c-4b7d-98d9-6abee69fc0a7", "card_number": "79db64d6", "expired_at": "2022-08-02T17:47:27.412Z"}}, {"model": "book.member", "pk": 6, "fields": {"name": "test_m6", "age": 27, "gender": "f", "city": "London", "email": "test_m6@outlook.com", "phone_number": "13245678909", "created_at": "2021-08-01T14:21:08.023Z", "created_by": "admin_2", "updated_by": "yaozeliang", "updated_at": "2021-08-01T20:57:48.899Z", "card_id": "87ec4380-a2fd-4b95-8afb-02aaefbd25d0", "card_number": "87ec4380", "expired_at": "2022-08-01T20:57:48.898Z"}}, {"model": "book.member", "pk": 7, "fields": {"name": "test_m5", "age": 14, "gender": "f", "city": "Milan", "email": "test_m5@outlook.com", "phone_number": "12344444444", "created_at": "2021-08-02T09:50:39.224Z", "created_by": "yaozeliang", "updated_by": "", "updated_at": "2021-08-02T09:50:39.229Z", "card_id": "38dfcba4-8e97-4c99-a626-05cc704191df", "card_number": "38dfcba4", "expired_at": "2022-08-02T09:50:39.228Z"}}, {"model": "book.member", "pk": 8, "fields": {"name": "John Brown", "age": 20, "gender": "m", "city": "New York", "email": "john@outlook.com", "phone_number": "12344456768", "created_at": "2021-08-03T13:54:39.777Z", "created_by": "yaozeliang", "updated_by": "", "updated_at": "2021-08-03T13:54:39.784Z", "card_id": "5ab5d17b-60da-4bc4-af8b-c5c88c88d984", "card_number": "5ab5d17b", "expired_at": "2022-08-03T13:54:39.784Z"}}, {"model": "book.member", "pk": 9, "fields": {"name": "John Johnson", "age": 20, "gender": "m", "city": "Salt City", "email": "john.johnson@outlook.com", "phone_number": "130000000987", "created_at": "2021-08-03T13:55:14.516Z", "created_by": "yaozeliang", "updated_by": "", "updated_at": "2021-08-03T13:55:14.519Z", "card_id": "dc70ce69-40e4-4f75-a951-402fe129198d", "card_number": "dc70ce69", "expired_at": "2022-08-03T13:55:14.518Z"}}, {"model": "book.member", "pk": 10, "fields": {"name": "Andrew Green", "age": 20, "gender": "m", "city": "L.A", "email": "andrew.green@gmail.com", "phone_number": "13000009283", "created_at": "2021-08-03T13:56:03.567Z", "created_by": "yaozeliang", "updated_by": "", "updated_at": "2021-08-03T13:56:03.570Z", "card_id": "8a57f31d-6a68-4994-9298-15f5c3dc5f8d", "card_number": "8a57f31d", "expired_at": "2022-08-03T13:56:03.569Z"}}, {"model": "book.member", "pk": 11, "fields": {"name": "Claire Andson", "age": 33, "gender": "f", "city": "New York", "email": "claire@outlook.com", "phone_number": "13777777777", "created_at": "2021-08-03T20:18:31.155Z", "created_by": "yaozeliang", "updated_by": "", "updated_at": "2021-08-03T20:18:31.159Z", "card_id": "aeeb057c-21ec-4347-a4d3-ad5175c79208", "card_number": "aeeb057c", "expired_at": "2022-08-03T20:18:31.159Z"}}, {"model": "book.member", "pk": 12, "fields": {"name": "Emilia", "age": 17, "gender": "f", "city": "ShangHai", "email": "Emilia@outlook.com", "phone_number": "13777777790", "created_at": "2021-08-04T18:49:13.675Z", "created_by": "admin_1", "updated_by": "yaozeliang", "updated_at": "2021-08-05T13:02:42.481Z", "card_id": "b25009d3-9722-4a74-a128-b211a9a3e469", "card_number": "b25009d3", "expired_at": "2022-08-05T13:02:42.480Z"}}, {"model": "book.member", "pk": 13, "fields": {"name": "anderson green", "age": 54, "gender": "m", "city": "New York", "email": "anderson@gmail.com", "phone_number": "13700000000", "created_at": "2021-08-05T14:06:12.391Z", "created_by": "yaozeliang", "updated_by": "", "updated_at": "2021-08-05T14:06:12.395Z", "card_id": "49e3c367-1eca-4eb7-9d68-98a51faa81ac", "card_number": "49e3c367", "expired_at": "2022-08-05T14:06:12.395Z"}}, {"model": "book.member", "pk": 14, "fields": {"name": "test_m99", "age": 20, "gender": "f", "city": "New York", "email": "test_m99@gmail.com", "phone_number": "13700000000", "created_at": "2021-08-09T17:38:05.664Z", "created_by": "admin_1", "updated_by": "", "updated_at": "2021-08-09T17:38:05.670Z", "card_id": "542f2651-6037-41cc-9e49-a2f051c25692", "card_number": "542f2651", "expired_at": "2022-08-09T17:38:05.669Z"}}, {"model": "book.member", "pk": 15, "fields": {"name": "test_100", "age": 20, "gender": "m", "city": "Beijing", "email": "test_100@gmail.com", "phone_number": "13500000000", "created_at": "2021-08-12T13:39:02.192Z", "created_by": "admin_1", "updated_by": "", "updated_at": "2021-08-12T13:39:02.197Z", "card_id": "f64e12fc-6e75-492d-bb94-4c5b08e8c348", "card_number": "f64e12fc", "expired_at": "2022-08-12T13:39:02.197Z"}}, {"model": "book.member", "pk": 16, "fields": {"name": "Last Member", "age": 20, "gender": "m", "city": "Shanghai", "email": "last@outlook.com", "phone_number": "13777777777", "created_at": "2021-08-13T13:41:11.579Z", "created_by": "yaozeliang", "updated_by": "", "updated_at": "2021-08-13T13:41:11.634Z", "card_id": "0dbad35a-e15e-4315-a5e6-6406ea7b90fb", "card_number": "0dbad35a", "expired_at": "2022-08-13T13:41:11.633Z"}}, {"model": "book.member", "pk": 19, "fields": {"name": "Lousen", "age": 20, "gender": "m", "city": "Paris", "email": "Lousen@outlook.com", "phone_number": "13600000000", "created_at": "2021-08-29T18:56:57.489Z", "created_by": "admin_1", "updated_by": "", "updated_at": "2021-08-29T18:56:57.493Z", "card_id": "ef5096be-bbce-4949-bf4e-295541d08d0b", "card_number": "ef5096be", "expired_at": "2022-08-29T18:56:57.492Z"}}, {"model": "book.member", "pk": 20, "fields": {"name": "Septemper User", "age": 20, "gender": "m", "city": "London", "email": "sep@outlook.com", "phone_number": "13777777777", "created_at": "2021-09-01T08:52:53.505Z", "created_by": "yaozeliang", "updated_by": "", "updated_at": "2021-09-01T08:52:53.508Z", "card_id": "22dbc650-f81c-4526-b6ea-0e80bf0eb936", "card_number": "22dbc650", "expired_at": "2022-09-01T08:52:53.508Z"}}, {"model": "book.member", "pk": 21, "fields": {"name": "ooo", "age": 45, "gender": "m", "city": "Paris", "email": "ooo@outlook.com", "phone_number": "11111111111", "created_at": "2021-09-06T22:35:28.790Z", "created_by": "yaozeliang", "updated_by": "yaozeliang", "updated_at": "2021-09-06T22:40:29.610Z", "card_id": "d80eb971-83b3-4d6c-b267-90cc66678d25", "card_number": "d80eb971", "expired_at": "2022-09-06T22:40:29.610Z"}}, {"model": "book.member", "pk": 22, "fields": {"name": "total", "age": 20, "gender": "m", "city": "VILLEJUIF", "email": "total@outllo.com", "phone_number": "0760322678", "created_at": "2021-09-08T14:22:31.404Z", "created_by": "yaozeliang", "updated_by": "", "updated_at": "2021-09-08T14:22:31.407Z", "card_id": "9540668f-0f91-4086-8bb9-48bdd6962175", "card_number": "9540668f", "expired_at": "2022-09-08T14:22:31.407Z"}}, {"model": "book.borrowrecord", "pk": 30, "fields": {"borrower": "John Brown", "borrower_card": "5ab5d17b", "borrower_email": "john@outlook.com", "borrower_phone_number": "12344456768", "book": "Test Title", "quantity": 1, "start_day": "2021-08-13T07:22:57Z", "end_day": "2021-08-20T07:02:25Z", "periode": 7, "open_or_close": 1, "delay_days": 0, "final_status": "On time", "created_at": "2021-08-13T07:23:12.323Z", "created_by": "yaozeliang", "closed_by": "yaozeliang", "closed_at": "2021-08-15T17:05:56.301Z"}}, {"model": "book.borrowrecord", "pk": 32, "fields": {"borrower": "test_100", "borrower_card": "f64e12fc", "borrower_email": "test_100@gmail.com", "borrower_phone_number": "13500000000", "book": "T3", "quantity": 1, "start_day": "2021-08-11T22:00:00Z", "end_day": "2021-08-17T22:00:00Z", "periode": 7, "open_or_close": 1, "delay_days": 0, "final_status": "On time", "created_at": "2021-08-15T16:27:36.497Z", "created_by": "yaozeliang", "closed_by": "yaozeliang", "closed_at": "2021-08-15T17:05:45.756Z"}}, {"model": "book.borrowrecord", "pk": 33, "fields": {"borrower": "test_100", "borrower_card": "f64e12fc", "borrower_email": "test_100@gmail.com", "borrower_phone_number": "13500000000", "book": "T3", "quantity": 1, "start_day": "2021-08-09T22:00:00Z", "end_day": "2021-08-12T22:00:00Z", "periode": 4, "open_or_close": 1, "delay_days": 2, "final_status": "Delayed", "created_at": "2021-08-15T17:06:22.059Z", "created_by": "yaozeliang", "closed_by": "yaozeliang", "closed_at": "2021-08-15T17:06:51.904Z"}}, {"model": "book.borrowrecord", "pk": 34, "fields": {"borrower": "test_100", "borrower_card": "f64e12fc", "borrower_email": "test_100@gmail.com", "borrower_phone_number": "13500000000", "book": "T3", "quantity": 1, "start_day": "2021-08-09T22:00:00Z", "end_day": "2021-08-10T22:00:00Z", "periode": 2, "open_or_close": 1, "delay_days": 4, "final_status": "Delayed", "created_at": "2021-08-15T17:07:22.075Z", "created_by": "yaozeliang", "closed_by": "yaozeliang", "closed_at": "2021-08-15T17:07:39.847Z"}}, {"model": "book.borrowrecord", "pk": 35, "fields": {"borrower": "test_100", "borrower_card": "f64e12fc", "borrower_email": "test_100@gmail.com", "borrower_phone_number": "13500000000", "book": "MarkdownTestA", "quantity": 1, "start_day": "2021-08-10T22:00:00Z", "end_day": "2021-08-12T22:00:00Z", "periode": 3, "open_or_close": 1, "delay_days": 3, "final_status": "Delayed", "created_at": "2021-08-16T12:42:44.424Z", "created_by": "yaozeliang", "closed_by": "yaozeliang", "closed_at": "2021-08-16T12:43:29.360Z"}}, {"model": "book.borrowrecord", "pk": 36, "fields": {"borrower": "Emilia", "borrower_card": "b25009d3", "borrower_email": "Emilia@outlook.com", "borrower_phone_number": "13777777790", "book": "Amazing Test Book", "quantity": 1, "start_day": "2021-08-15T22:00:00Z", "end_day": "2021-08-17T22:00:00Z", "periode": 3, "open_or_close": 1, "delay_days": 0, "final_status": "On time", "created_at": "2021-08-16T12:48:11.113Z", "created_by": "yaozeliang", "closed_by": "yaozeliang", "closed_at": "2021-08-16T12:53:15.599Z"}}, {"model": "book.borrowrecord", "pk": 37, "fields": {"borrower": "Claire Andson", "borrower_card": "aeeb057c", "borrower_email": "claire@outlook.com", "borrower_phone_number": "13777777777", "book": "MarkdownTestA", "quantity": 1, "start_day": "2021-08-18T22:00:00Z", "end_day": "2021-08-19T22:00:00Z", "periode": 2, "open_or_close": 1, "delay_days": 0, "final_status": "On time", "created_at": "2021-08-20T08:29:58.933Z", "created_by": "admin_2", "closed_by": "admin_2", "closed_at": "2021-08-20T08:36:53.785Z"}}, {"model": "book.borrowrecord", "pk": 38, "fields": {"borrower": "Claire Andson", "borrower_card": "aeeb057c", "borrower_email": "claire@outlook.com", "borrower_phone_number": "13777777777", "book": "My favourite", "quantity": 1, "start_day": "2021-08-18T22:00:00Z", "end_day": "2021-08-19T22:00:00Z", "periode": 2, "open_or_close": 1, "delay_days": 0, "final_status": "On time", "created_at": "2021-08-20T08:39:31.102Z", "created_by": "admin_2", "closed_by": "admin_2", "closed_at": "2021-08-20T08:40:35.487Z"}}, {"model": "book.borrowrecord", "pk": 39, "fields": {"borrower": "Last Member", "borrower_card": "0dbad35a", "borrower_email": "last@outlook.com", "borrower_phone_number": "13777777777", "book": "My favourite", "quantity": 1, "start_day": "2021-08-24T22:00:00Z", "end_day": "2021-08-31T22:00:00Z", "periode": 8, "open_or_close": 1, "delay_days": 0, "final_status": "On time", "created_at": "2021-08-25T21:48:41.800Z", "created_by": "admin_2", "closed_by": "yaozeliang", "closed_at": "2021-08-30T12:05:14.628Z"}}, {"model": "book.borrowrecord", "pk": 40, "fields": {"borrower": "Emilia", "borrower_card": "b25009d3", "borrower_email": "Emilia@outlook.com", "borrower_phone_number": "13777777790", "book": "MarkdownTestA", "quantity": 1, "start_day": "2021-08-25T22:00:00Z", "end_day": "2021-09-01T22:00:00Z", "periode": 8, "open_or_close": 1, "delay_days": 0, "final_status": "On time", "created_at": "2021-08-26T12:58:19.773Z", "created_by": "admin_2", "closed_by": "yaozeliang", "closed_at": "2021-08-30T12:17:09.229Z"}}, {"model": "book.borrowrecord", "pk": 41, "fields": {"borrower": "test_m99", "borrower_card": "542f2651", "borrower_email": "test_m99@gmail.com", "borrower_phone_number": "13700000000", "book": "MarkdownTestA", "quantity": 1, "start_day": "2021-08-28T22:00:00Z", "end_day": "2021-09-04T22:00:00Z", "periode": 8, "open_or_close": 1, "delay_days": 0, "final_status": "On time", "created_at": "2021-08-29T14:39:47.518Z", "created_by": "yaozeliang", "closed_by": "yaozeliang", "closed_at": "2021-08-30T12:17:28.936Z"}}, {"model": "book.borrowrecord", "pk": 42, "fields": {"borrower": "ooo", "borrower_card": "d80eb971", "borrower_email": "ooo@outlook.com", "borrower_phone_number": "11111111111", "book": "Test Title", "quantity": 1, "start_day": "2021-09-06T22:00:00Z", "end_day": "2021-09-08T22:00:00Z", "periode": 3, "open_or_close": 1, "delay_days": 0, "final_status": "On time", "created_at": "2021-09-06T22:37:31.019Z", "created_by": "yaozeliang", "closed_by": "yaozeliang", "closed_at": "2021-09-06T22:39:00.903Z"}}, {"model": "book.borrowrecord", "pk": 49, "fields": {"borrower": "Claire Andson", "borrower_card": "aeeb057c", "borrower_email": "claire@outlook.com", "borrower_phone_number": "13777777777", "book": "Amazing Test Book", "quantity": 1, "start_day": "2021-09-09T07:55:25Z", "end_day": "2021-09-10T13:00:00Z", "periode": 2, "open_or_close": 1, "delay_days": 0, "final_status": "On time", "created_at": "2021-09-09T07:56:04.192Z", "created_by": "yaozeliang", "closed_by": "yaozeliang", "closed_at": "2021-09-10T23:05:41.900Z"}}, {"model": "book.borrowrecord", "pk": 50, "fields": {"borrower": "Andrew Green", "borrower_card": "8a57f31d", "borrower_email": "andrew.green@gmail.com", "borrower_phone_number": "13000009283", "book": "Amazing Test Book", "quantity": 1, "start_day": "2021-09-10T21:21:11Z", "end_day": "2021-09-17T21:19:53Z", "periode": 7, "open_or_close": 0, "delay_days": 0, "final_status": "Unknown", "created_at": "2021-09-10T21:21:18.660Z", "created_by": "yaozeliang", "closed_by": "", "closed_at": "2021-09-10T21:21:18.674Z"}}, {"model": "book.borrowrecord", "pk": 53, "fields": {"borrower": "total", "borrower_card": "9540668f", "borrower_email": "total@outllo.com", "borrower_phone_number": "0760322678", "book": "Best Book", "quantity": 1, "start_day": "2021-09-09T22:00:00Z", "end_day": "2021-09-13T22:00:00Z", "periode": 5, "open_or_close": 0, "delay_days": 0, "final_status": "Unknown", "created_at": "2021-09-10T23:06:12.322Z", "created_by": "yaozeliang", "closed_by": "", "closed_at": "2021-09-10T23:06:12.336Z"}}, {"model": "book.borrowrecord", "pk": 54, "fields": {"borrower": "total", "borrower_card": "9540668f", "borrower_email": "total@outllo.com", "borrower_phone_number": "0760322678", "book": "Your Titleo", "quantity": 1, "start_day": "2021-09-07T22:00:00Z", "end_day": "2021-09-09T22:00:00Z", "periode": 3, "open_or_close": 1, "delay_days": 1, "final_status": "Delayed", "created_at": "2021-09-10T23:12:00.550Z", "created_by": "yaozeliang", "closed_by": "yaozeliang", "closed_at": "2021-09-10T23:12:08.357Z"}}, {"model": "book.borrowrecord", "pk": 55, "fields": {"borrower": "total", "borrower_card": "9540668f", "borrower_email": "total@outllo.com", "borrower_phone_number": "0760322678", "book": "Amazing Test Book", "quantity": 1, "start_day": "2021-09-10T07:00:00Z", "end_day": "2021-09-16T11:30:00Z", "periode": 7, "open_or_close": 0, "delay_days": 0, "final_status": "Unknown", "created_at": "2021-09-11T11:31:26.538Z", "created_by": "yaozeliang", "closed_by": "", "closed_at": "2021-09-11T11:31:26.559Z"}}, {"model": "book.borrowrecord", "pk": 56, "fields": {"borrower": "total", "borrower_card": "9540668f", "borrower_email": "total@outllo.com", "borrower_phone_number": "0760322678", "book": "T2", "quantity": 1, "start_day": "2021-09-10T10:00:00Z", "end_day": "2021-09-15T10:00:00Z", "periode": 6, "open_or_close": 0, "delay_days": 0, "final_status": "Unknown", "created_at": "2021-09-11T11:37:54.348Z", "created_by": "yaozeliang", "closed_by": "", "closed_at": "2021-09-11T11:37:54.370Z"}}, {"model": "book.borrowrecord", "pk": 57, "fields": {"borrower": "Septemper User", "borrower_card": "22dbc650", "borrower_email": "sep@outlook.com", "borrower_phone_number": "13777777777", "book": "Best Book", "quantity": 1, "start_day": "2021-09-10T22:00:00Z", "end_day": "2021-09-12T22:00:00Z", "periode": 3, "open_or_close": 0, "delay_days": 0, "final_status": "Unknown", "created_at": "2021-09-11T11:42:25.410Z", "created_by": "yaozeliang", "closed_by": "", "closed_at": "2021-09-11T11:42:25.445Z"}}, {"model": "auth.permission", "pk": 1, "fields": {"name": "Can add log entry", "content_type": 1, "codename": "add_logentry"}}, {"model": "auth.permission", "pk": 2, "fields": {"name": "Can change log entry", "content_type": 1, "codename": "change_logentry"}}, {"model": "auth.permission", "pk": 3, "fields": {"name": "Can delete log entry", "content_type": 1, "codename": "delete_logentry"}}, {"model": "auth.permission", "pk": 4, "fields": {"name": "Can view log entry", "content_type": 1, "codename": "view_logentry"}}, {"model": "auth.permission", "pk": 5, "fields": {"name": "Can add permission", "content_type": 2, "codename": "add_permission"}}, {"model": "auth.permission", "pk": 6, "fields": {"name": "Can change permission", "content_type": 2, "codename": "change_permission"}}, {"model": "auth.permission", "pk": 7, "fields": {"name": "Can delete permission", "content_type": 2, "codename": "delete_permission"}}, {"model": "auth.permission", "pk": 8, "fields": {"name": "Can view permission", "content_type": 2, "codename": "view_permission"}}, {"model": "auth.permission", "pk": 9, "fields": {"name": "Can add group", "content_type": 3, "codename": "add_group"}}, {"model": "auth.permission", "pk": 10, "fields": {"name": "Can change group", "content_type": 3, "codename": "change_group"}}, {"model": "auth.permission", "pk": 11, "fields": {"name": "Can delete group", "content_type": 3, "codename": "delete_group"}}, {"model": "auth.permission", "pk": 12, "fields": {"name": "Can view group", "content_type": 3, "codename": "view_group"}}, {"model": "auth.permission", "pk": 13, "fields": {"name": "Can add user", "content_type": 4, "codename": "add_user"}}, {"model": "auth.permission", "pk": 14, "fields": {"name": "Can change user", "content_type": 4, "codename": "change_user"}}, {"model": "auth.permission", "pk": 15, "fields": {"name": "Can delete user", "content_type": 4, "codename": "delete_user"}}, {"model": "auth.permission", "pk": 16, "fields": {"name": "Can view user", "content_type": 4, "codename": "view_user"}}, {"model": "auth.permission", "pk": 17, "fields": {"name": "Can add content type", "content_type": 5, "codename": "add_contenttype"}}, {"model": "auth.permission", "pk": 18, "fields": {"name": "Can change content type", "content_type": 5, "codename": "change_contenttype"}}, {"model": "auth.permission", "pk": 19, "fields": {"name": "Can delete content type", "content_type": 5, "codename": "delete_contenttype"}}, {"model": "auth.permission", "pk": 20, "fields": {"name": "Can view content type", "content_type": 5, "codename": "view_contenttype"}}, {"model": "auth.permission", "pk": 21, "fields": {"name": "Can add session", "content_type": 6, "codename": "add_session"}}, {"model": "auth.permission", "pk": 22, "fields": {"name": "Can change session", "content_type": 6, "codename": "change_session"}}, {"model": "auth.permission", "pk": 23, "fields": {"name": "Can delete session", "content_type": 6, "codename": "delete_session"}}, {"model": "auth.permission", "pk": 24, "fields": {"name": "Can view session", "content_type": 6, "codename": "view_session"}}, {"model": "auth.permission", "pk": 25, "fields": {"name": "Can add member", "content_type": 7, "codename": "add_member"}}, {"model": "auth.permission", "pk": 26, "fields": {"name": "Can change member", "content_type": 7, "codename": "change_member"}}, {"model": "auth.permission", "pk": 27, "fields": {"name": "Can delete member", "content_type": 7, "codename": "delete_member"}}, {"model": "auth.permission", "pk": 28, "fields": {"name": "Can view member", "content_type": 7, "codename": "view_member"}}, {"model": "auth.permission", "pk": 29, "fields": {"name": "Can add user activity", "content_type": 8, "codename": "add_useractivity"}}, {"model": "auth.permission", "pk": 30, "fields": {"name": "Can change user activity", "content_type": 8, "codename": "change_useractivity"}}, {"model": "auth.permission", "pk": 31, "fields": {"name": "Can delete user activity", "content_type": 8, "codename": "delete_useractivity"}}, {"model": "auth.permission", "pk": 32, "fields": {"name": "Can view user activity", "content_type": 8, "codename": "view_useractivity"}}, {"model": "auth.permission", "pk": 33, "fields": {"name": "Can add profile", "content_type": 9, "codename": "add_profile"}}, {"model": "auth.permission", "pk": 34, "fields": {"name": "Can change profile", "content_type": 9, "codename": "change_profile"}}, {"model": "auth.permission", "pk": 35, "fields": {"name": "Can delete profile", "content_type": 9, "codename": "delete_profile"}}, {"model": "auth.permission", "pk": 36, "fields": {"name": "Can view profile", "content_type": 9, "codename": "view_profile"}}, {"model": "auth.permission", "pk": 37, "fields": {"name": "Can add publisher", "content_type": 10, "codename": "add_publisher"}}, {"model": "auth.permission", "pk": 38, "fields": {"name": "Can change publisher", "content_type": 10, "codename": "change_publisher"}}, {"model": "auth.permission", "pk": 39, "fields": {"name": "Can delete publisher", "content_type": 10, "codename": "delete_publisher"}}, {"model": "auth.permission", "pk": 40, "fields": {"name": "Can view publisher", "content_type": 10, "codename": "view_publisher"}}, {"model": "auth.permission", "pk": 41, "fields": {"name": "Can add book", "content_type": 11, "codename": "add_book"}}, {"model": "auth.permission", "pk": 42, "fields": {"name": "Can change book", "content_type": 11, "codename": "change_book"}}, {"model": "auth.permission", "pk": 43, "fields": {"name": "Can delete book", "content_type": 11, "codename": "delete_book"}}, {"model": "auth.permission", "pk": 44, "fields": {"name": "Can view book", "content_type": 11, "codename": "view_book"}}, {"model": "auth.permission", "pk": 45, "fields": {"name": "Can add category", "content_type": 12, "codename": "add_category"}}, {"model": "auth.permission", "pk": 46, "fields": {"name": "Can change category", "content_type": 12, "codename": "change_category"}}, {"model": "auth.permission", "pk": 47, "fields": {"name": "Can delete category", "content_type": 12, "codename": "delete_category"}}, {"model": "auth.permission", "pk": 48, "fields": {"name": "Can view category", "content_type": 12, "codename": "view_category"}}, {"model": "auth.permission", "pk": 49, "fields": {"name": "Can add borrow record", "content_type": 13, "codename": "add_borrowrecord"}}, {"model": "auth.permission", "pk": 50, "fields": {"name": "Can change borrow record", "content_type": 13, "codename": "change_borrowrecord"}}, {"model": "auth.permission", "pk": 51, "fields": {"name": "Can delete borrow record", "content_type": 13, "codename": "delete_borrowrecord"}}, {"model": "auth.permission", "pk": 52, "fields": {"name": "Can view borrow record", "content_type": 13, "codename": "view_borrowrecord"}}, {"model": "auth.permission", "pk": 55, "fields": {"name": "Can add comment", "content_type": 14, "codename": "add_comment"}}, {"model": "auth.permission", "pk": 56, "fields": {"name": "Can change comment", "content_type": 14, "codename": "change_comment"}}, {"model": "auth.permission", "pk": 57, "fields": {"name": "Can delete comment", "content_type": 14, "codename": "delete_comment"}}, {"model": "auth.permission", "pk": 58, "fields": {"name": "Can view comment", "content_type": 14, "codename": "view_comment"}}, {"model": "auth.permission", "pk": 59, "fields": {"name": "Can add notification", "content_type": 15, "codename": "add_notification"}}, {"model": "auth.permission", "pk": 60, "fields": {"name": "Can change notification", "content_type": 15, "codename": "change_notification"}}, {"model": "auth.permission", "pk": 61, "fields": {"name": "Can delete notification", "content_type": 15, "codename": "delete_notification"}}, {"model": "auth.permission", "pk": 62, "fields": {"name": "Can view notification", "content_type": 15, "codename": "view_notification"}}, {"model": "auth.permission", "pk": 63, "fields": {"name": "Can add user info", "content_type": 16, "codename": "add_userinfo"}}, {"model": "auth.permission", "pk": 64, "fields": {"name": "Can change user info", "content_type": 16, "codename": "change_userinfo"}}, {"model": "auth.permission", "pk": 65, "fields": {"name": "Can delete user info", "content_type": 16, "codename": "delete_userinfo"}}, {"model": "auth.group", "pk": 1, "fields": {"name": "download_data", "permissions": []}}, {"model": "auth.group", "pk": 2, "fields": {"name": "logs", "permissions": [31, 32]}}, {"model": "auth.group", "pk": 3, "fields": {"name": "api", "permissions": []}}, {"model": "auth.user", "pk": 1, "fields": {"password": "pbkdf2_sha256$150000$sStEHo8PduyW$sDGZ/sOIPEZ6A2ghFIGljKNPwWE33rm+HEPhKL7SYAs=", "last_login": "2021-12-26T11:56:14.827Z", "is_superuser": true, "username": "yaozeliang", "first_name": "", "last_name": "", "email": "attractionlawyao@gmail.com", "is_staff": true, "is_active": true, "date_joined": "2021-06-29T19:56:47.697Z", "groups": [1, 2, 3], "user_permissions": []}}, {"model": "auth.user", "pk": 2, "fields": {"password": "pbkdf2_sha256$150000$A3U2MCpyIBn0$WNoDgkqhu4RyxtiyYuUCDejDRsIORi8OTn8y2rJq0Nk=", "last_login": "2021-09-12T16:30:35.481Z", "is_superuser": false, "username": "admin_1", "first_name": "", "last_name": "", "email": "admin_1@gmail.com", "is_staff": false, "is_active": true, "date_joined": "2021-07-31T18:25:27.439Z", "groups": [], "user_permissions": []}}, {"model": "auth.user", "pk": 3, "fields": {"password": "pbkdf2_sha256$150000$l5zvIgFqICEG$dL6zQ/QNP0Em5amAFpcr3s0XDvdQ84S3vuY1XUtWTz0=", "last_login": "2021-08-29T19:11:10.093Z", "is_superuser": false, "username": "admin_2", "first_name": "", "last_name": "", "email": "admin_2@gmail.com", "is_staff": false, "is_active": true, "date_joined": "2021-08-01T14:15:23.346Z", "groups": [3], "user_permissions": []}}, {"model": "auth.user", "pk": 4, "fields": {"password": "pbkdf2_sha256$100000$yRf3oS16GMRk$a2TSLNIYJ1AphpejfCo+FSxL1RRGzNcIlKKPx+Kcg1k=", "last_login": "2022-07-06T03:40:20.136Z", "is_superuser": false, "username": "1", "first_name": "", "last_name": "", "email": "1@11.com", "is_staff": false, "is_active": true, "date_joined": "2022-07-01T02:09:58.753Z", "groups": [], "user_permissions": []}}, {"model": "auth.user", "pk": 5, "fields": {"password": "pbkdf2_sha256$100000$VWWoRUvQECSK$7YE7F54dY65ntrXHtdh97NgcRQCdqmLLC0NBeVh8PCI=", "last_login": "2022-11-01T09:30:53.721Z", "is_superuser": false, "username": "123456", "first_name": "", "last_name": "", "email": "1@11.com", "is_staff": false, "is_active": true, "date_joined": "2022-10-19T13:04:14.871Z", "groups": [], "user_permissions": []}}, {"model": "book.profile", "pk": 1, "fields": {"user": 1, "bio": "is simply dummy text of the printing and typesetting industry. Lorem Ipsum has been the industry's standard dummy text ever since the 1500s,", "profile_pic": "profile/20210907/cartoon_4.jpg", "phone_number": "13400000000", "email": "attractionlawyao@gmail.com"}}, {"model": "book.profile", "pk": 2, "fields": {"user": 2, "bio": "It is a long established fact that a reader will be distracted by the readable content of a page when looking at its layout.", "profile_pic": "profile/20210907/cartoon_3.jpg", "phone_number": "13500000000", "email": "admin_1@gmail.com"}}, {"model": "book.profile", "pk": 3, "fields": {"user": 3, "bio": "I m admin 2", "profile_pic": "profile/20210801/62.jpg", "phone_number": "13455555555", "email": "admin_2@outlook.com"}}, {"model": "comment.comment", "pk": 1, "fields": {"book": 11, "user": 1, "body": "<p>The cover is damaged</p>", "created_at": "2021-08-25T19:01:45.427Z"}}, {"model": "comment.comment", "pk": 2, "fields": {"book": 11, "user": 2, "body": "<p>I&nbsp; remove the cover for that book&nbsp;<img alt=\"smiley\" height=\"23\" src=\"http://127.0.0.1:8000/static/ckeditor/ckeditor/plugins/smiley/images/regular_smile.png\" title=\"smiley\" width=\"23\" /></p>", "created_at": "2021-08-25T20:18:52.872Z"}}, {"model": "comment.comment", "pk": 3, "fields": {"book": 11, "user": 3, "body": "<p><em><strong>Great ,thank you !</strong></em>&nbsp;&nbsp;<img alt=\"heart\" height=\"23\" src=\"http://127.0.0.1:8000/static/ckeditor/ckeditor/plugins/smiley/images/heart.png\" title=\"heart\" width=\"23\" /></p>", "created_at": "2021-08-25T20:26:45.229Z"}}, {"model": "comment.comment", "pk": 4, "fields": {"book": 4, "user": 1, "body": "<p><img alt=\"heart\" height=\"23\" src=\"http://127.0.0.1:8000/static/ckeditor/ckeditor/plugins/smiley/images/heart.png\" title=\"heart\" width=\"23\" /></p>", "created_at": "2021-08-26T13:31:14.841Z"}}, {"model": "comment.comment", "pk": 5, "fields": {"book": 11, "user": 1, "body": "<ul>\r\n\t<li>Nice&nbsp;<img alt=\"yes\" height=\"23\" src=\"http://127.0.0.1:8000/static/ckeditor/ckeditor/plugins/smiley/images/thumbs_up.png\" title=\"yes\" width=\"23\" /></li>\r\n</ul>", "created_at": "2021-08-26T13:42:26.366Z"}}, {"model": "comment.comment", "pk": 6, "fields": {"book": 1, "user": 1, "body": "<p><img alt=\"sad\" height=\"23\" src=\"http://127.0.0.1:8000/static/ckeditor/ckeditor/plugins/smiley/images/sad_smile.png\" title=\"sad\" width=\"23\" /> Cover dammaged&nbsp;</p>", "created_at": "2021-09-08T06:42:56.603Z"}}, {"model": "notifications.notification", "pk": 3, "fields": {"level": "info", "recipient": 1, "unread": false, "actor_content_type": 4, "actor_object_id": "2", "verb": "Created", "description": null, "target_content_type": 12, "target_object_id": "28", "action_object_content_type": 12, "action_object_object_id": "28", "timestamp": "2021-08-28T11:30:16.118Z", "public": true, "deleted": false, "emailed": false, "data": null}}, {"model": "notifications.notification", "pk": 4, "fields": {"level": "info", "recipient": 1, "unread": false, "actor_content_type": 4, "actor_object_id": "2", "verb": "Created", "description": null, "target_content_type": 12, "target_object_id": "29", "action_object_content_type": 12, "action_object_object_id": "29", "timestamp": "2021-08-28T11:35:38.606Z", "public": true, "deleted": false, "emailed": false, "data": null}}, {"model": "notifications.notification", "pk": 5, "fields": {"level": "info", "recipient": 1, "unread": false, "actor_content_type": 4, "actor_object_id": "2", "verb": "Delete", "description": null, "target_content_type": 12, "target_object_id": null, "action_object_content_type": 12, "action_object_object_id": null, "timestamp": "2021-08-28T11:40:02.679Z", "public": true, "deleted": false, "emailed": false, "data": null}}, {"model": "notifications.notification", "pk": 6, "fields": {"level": "info", "recipient": 1, "unread": false, "actor_content_type": 4, "actor_object_id": "2", "verb": "Created", "description": null, "target_content_type": 12, "target_object_id": "30", "action_object_content_type": 12, "action_object_object_id": "30", "timestamp": "2021-08-29T15:14:32.431Z", "public": true, "deleted": false, "emailed": false, "data": null}}, {"model": "notifications.notification", "pk": 7, "fields": {"level": "info", "recipient": 1, "unread": false, "actor_content_type": 4, "actor_object_id": "2", "verb": "Created", "description": null, "target_content_type": 12, "target_object_id": "31", "action_object_content_type": 12, "action_object_object_id": "31", "timestamp": "2021-08-29T15:19:03.806Z", "public": true, "deleted": false, "emailed": false, "data": null}}, {"model": "notifications.notification", "pk": 8, "fields": {"level": "info", "recipient": 1, "unread": false, "actor_content_type": 4, "actor_object_id": "2", "verb": "Created", "description": null, "target_content_type": 12, "target_object_id": "30", "action_object_content_type": 12, "action_object_object_id": "30", "timestamp": "2021-08-29T15:19:06.223Z", "public": true, "deleted": false, "emailed": false, "data": null}}, {"model": "notifications.notification", "pk": 9, "fields": {"level": "info", "recipient": 1, "unread": false, "actor_content_type": 4, "actor_object_id": "2", "verb": "Created", "description": null, "target_content_type": 12, "target_object_id": "31", "action_object_content_type": 12, "action_object_object_id": "31", "timestamp": "2021-08-29T15:19:09.277Z", "public": true, "deleted": false, "emailed": false, "data": null}}, {"model": "notifications.notification", "pk": 10, "fields": {"level": "info", "recipient": 1, "unread": false, "actor_content_type": 4, "actor_object_id": "2", "verb": "Created", "description": null, "target_content_type": 7, "target_object_id": "17", "action_object_content_type": 7, "action_object_object_id": "17", "timestamp": "2021-08-29T15:19:41.043Z", "public": true, "deleted": false, "emailed": false, "data": null}}, {"model": "notifications.notification", "pk": 11, "fields": {"level": "info", "recipient": 1, "unread": false, "actor_content_type": 4, "actor_object_id": "2", "verb": "Created", "description": null, "target_content_type": 12, "target_object_id": "32", "action_object_content_type": 12, "action_object_object_id": "32", "timestamp": "2021-08-29T15:21:24.647Z", "public": true, "deleted": false, "emailed": false, "data": null}}, {"model": "notifications.notification", "pk": 12, "fields": {"level": "info", "recipient": 1, "unread": false, "actor_content_type": 4, "actor_object_id": "2", "verb": "Delete", "description": null, "target_content_type": 12, "target_object_id": "32", "action_object_content_type": 12, "action_object_object_id": "32", "timestamp": "2021-08-29T15:21:27.010Z", "public": true, "deleted": false, "emailed": false, "data": null}}, {"model": "notifications.notification", "pk": 13, "fields": {"level": "info", "recipient": 1, "unread": false, "actor_content_type": 4, "actor_object_id": "2", "verb": "Created", "description": null, "target_content_type": 12, "target_object_id": "33", "action_object_content_type": 12, "action_object_object_id": "33", "timestamp": "2021-08-29T15:23:08.516Z", "public": true, "deleted": false, "emailed": false, "data": null}}, {"model": "notifications.notification", "pk": 14, "fields": {"level": "info", "recipient": 1, "unread": false, "actor_content_type": 4, "actor_object_id": "2", "verb": "Delete", "description": null, "target_content_type": 7, "target_object_id": null, "action_object_content_type": 7, "action_object_object_id": null, "timestamp": "2021-08-29T15:23:35.473Z", "public": true, "deleted": false, "emailed": false, "data": null}}, {"model": "notifications.notification", "pk": 15, "fields": {"level": "info", "recipient": 1, "unread": false, "actor_content_type": 4, "actor_object_id": "2", "verb": "Delete", "description": null, "target_content_type": 12, "target_object_id": "33", "action_object_content_type": null, "action_object_object_id": null, "timestamp": "2021-08-29T15:29:50.441Z", "public": true, "deleted": false, "emailed": false, "data": null}}, {"model": "notifications.notification", "pk": 16, "fields": {"level": "info", "recipient": 1, "unread": false, "actor_content_type": 4, "actor_object_id": "2", "verb": "Delete CategoryZeliang YAO", "description": null, "target_content_type": 12, "target_object_id": null, "action_object_content_type": null, "action_object_object_id": null, "timestamp": "2021-08-29T15:29:50.487Z", "public": true, "deleted": false, "emailed": false, "data": null}}, {"model": "notifications.notification", "pk": 17, "fields": {"level": "info", "recipient": 1, "unread": false, "actor_content_type": 4, "actor_object_id": "2", "verb": "Created", "description": null, "target_content_type": 12, "target_object_id": "34", "action_object_content_type": null, "action_object_object_id": null, "timestamp": "2021-08-29T15:29:55.122Z", "public": true, "deleted": false, "emailed": false, "data": null}}, {"model": "notifications.notification", "pk": 18, "fields": {"level": "info", "recipient": 1, "unread": false, "actor_content_type": 4, "actor_object_id": "2", "verb": "Add new memeber lora ", "description": null, "target_content_type": 7, "target_object_id": "18", "action_object_content_type": null, "action_object_object_id": null, "timestamp": "2021-08-29T15:33:01.334Z", "public": true, "deleted": false, "emailed": false, "data": null}}, {"model": "notifications.notification", "pk": 19, "fields": {"level": "info", "recipient": 1, "unread": false, "actor_content_type": 4, "actor_object_id": "2", "verb": "Delete", "description": null, "target_content_type": 12, "target_object_id": "34", "action_object_content_type": null, "action_object_object_id": null, "timestamp": "2021-08-29T15:33:10.398Z", "public": true, "deleted": false, "emailed": false, "data": null}}, {"model": "notifications.notification", "pk": 20, "fields": {"level": "info", "recipient": 1, "unread": false, "actor_content_type": 4, "actor_object_id": "2", "verb": "Delete Category << Zeliang YAO >>", "description": null, "target_content_type": 12, "target_object_id": null, "action_object_content_type": null, "action_object_object_id": null, "timestamp": "2021-08-29T15:33:10.418Z", "public": true, "deleted": false, "emailed": false, "data": null}}, {"model": "notifications.notification", "pk": 21, "fields": {"level": "info", "recipient": 1, "unread": false, "actor_content_type": 4, "actor_object_id": "2", "verb": "Add New Category << Fake Cat 67 >>", "description": null, "target_content_type": 12, "target_object_id": "35", "action_object_content_type": null, "action_object_object_id": null, "timestamp": "2021-08-29T15:33:23.221Z", "public": true, "deleted": false, "emailed": false, "data": null}}, {"model": "notifications.notification", "pk": 22, "fields": {"level": "info", "recipient": 1, "unread": false, "actor_content_type": 4, "actor_object_id": "2", "verb": "Delete member lora ", "description": null, "target_content_type": 7, "target_object_id": null, "action_object_content_type": null, "action_object_object_id": null, "timestamp": "2021-08-29T15:36:30.941Z", "public": true, "deleted": false, "emailed": false, "data": null}}, {"model": "notifications.notification", "pk": 23, "fields": {"level": "info", "recipient": 1, "unread": false, "actor_content_type": 4, "actor_object_id": "2", "verb": "Add New Category << Fake Cat 999 >>", "description": null, "target_content_type": 12, "target_object_id": "36", "action_object_content_type": null, "action_object_object_id": null, "timestamp": "2021-08-29T18:56:11.644Z", "public": true, "deleted": false, "emailed": false, "data": null}}, {"model": "notifications.notification", "pk": 24, "fields": {"level": "info", "recipient": 1, "unread": false, "actor_content_type": 4, "actor_object_id": "2", "verb": "Delete", "description": null, "target_content_type": 12, "target_object_id": "36", "action_object_content_type": null, "action_object_object_id": null, "timestamp": "2021-08-29T18:56:15.555Z", "public": true, "deleted": false, "emailed": false, "data": null}}, {"model": "notifications.notification", "pk": 25, "fields": {"level": "info", "recipient": 1, "unread": false, "actor_content_type": 4, "actor_object_id": "2", "verb": "Delete Category << Fake Cat 999 >>", "description": null, "target_content_type": 12, "target_object_id": null, "action_object_content_type": null, "action_object_object_id": null, "timestamp": "2021-08-29T18:56:15.575Z", "public": true, "deleted": false, "emailed": false, "data": null}}, {"model": "notifications.notification", "pk": 26, "fields": {"level": "info", "recipient": 1, "unread": false, "actor_content_type": 4, "actor_object_id": "2", "verb": "Add new memeber Lousen", "description": null, "target_content_type": 7, "target_object_id": "19", "action_object_content_type": null, "action_object_object_id": null, "timestamp": "2021-08-29T18:56:57.506Z", "public": true, "deleted": false, "emailed": false, "data": null}}, {"model": "notifications.notification", "pk": 27, "fields": {"level": "info", "recipient": 1, "unread": false, "actor_content_type": 4, "actor_object_id": "2", "verb": "Delete Category << Fake Cat 67 >>", "description": null, "target_content_type": 12, "target_object_id": null, "action_object_content_type": null, "action_object_object_id": null, "timestamp": "2021-08-29T19:08:52.023Z", "public": true, "deleted": false, "emailed": false, "data": null}}, {"model": "notifications.notification", "pk": 28, "fields": {"level": "info", "recipient": 1, "unread": false, "actor_content_type": 4, "actor_object_id": "2", "verb": "Add New Category << Database >>", "description": null, "target_content_type": 12, "target_object_id": "37", "action_object_content_type": null, "action_object_object_id": null, "timestamp": "2021-08-29T19:59:16.989Z", "public": true, "deleted": false, "emailed": false, "data": null}}, {"model": "notifications.notification", "pk": 29, "fields": {"level": "info", "recipient": 1, "unread": false, "actor_content_type": 4, "actor_object_id": "2", "verb": "Add New Category << Database >>", "description": null, "target_content_type": 12, "target_object_id": "38", "action_object_content_type": null, "action_object_object_id": null, "timestamp": "2021-08-29T19:59:34.128Z", "public": true, "deleted": false, "emailed": false, "data": null}}, {"model": "notifications.notification", "pk": 30, "fields": {"level": "info", "recipient": 1, "unread": false, "actor_content_type": 4, "actor_object_id": "2", "verb": "Delete Category << Database >>", "description": null, "target_content_type": 12, "target_object_id": null, "action_object_content_type": null, "action_object_object_id": null, "timestamp": "2021-08-29T19:59:37.952Z", "public": true, "deleted": false, "emailed": false, "data": null}}, {"model": "notifications.notification", "pk": 31, "fields": {"level": "info", "recipient": 1, "unread": false, "actor_content_type": 4, "actor_object_id": "2", "verb": "Delete Category << Database >>", "description": null, "target_content_type": 12, "target_object_id": null, "action_object_content_type": null, "action_object_object_id": null, "timestamp": "2021-08-29T19:59:40.744Z", "public": true, "deleted": false, "emailed": false, "data": null}}, {"model": "notifications.notification", "pk": 32, "fields": {"level": "info", "recipient": 1, "unread": false, "actor_content_type": 4, "actor_object_id": "2", "verb": "Add New Category << Fake Cat 888 >>", "description": null, "target_content_type": 12, "target_object_id": "39", "action_object_content_type": null, "action_object_object_id": null, "timestamp": "2021-08-29T20:06:07.118Z", "public": true, "deleted": false, "emailed": false, "data": null}}, {"model": "notifications.notification", "pk": 33, "fields": {"level": "info", "recipient": 1, "unread": false, "actor_content_type": 4, "actor_object_id": "2", "verb": "Delete Category << Fake Cat 888 >>", "description": null, "target_content_type": 12, "target_object_id": null, "action_object_content_type": null, "action_object_object_id": null, "timestamp": "2021-08-29T20:06:09.663Z", "public": true, "deleted": false, "emailed": false, "data": null}}, {"model": "notifications.notification", "pk": 34, "fields": {"level": "info", "recipient": 1, "unread": false, "actor_content_type": 4, "actor_object_id": "3", "verb": "Add New Category << test_m4 >>", "description": null, "target_content_type": 12, "target_object_id": "44", "action_object_content_type": null, "action_object_object_id": null, "timestamp": "2021-08-29T20:31:19.865Z", "public": true, "deleted": false, "emailed": false, "data": null}}, {"model": "notifications.notification", "pk": 35, "fields": {"level": "info", "recipient": 1, "unread": false, "actor_content_type": 4, "actor_object_id": "3", "verb": "Delete Category << test_m4 >>", "description": null, "target_content_type": 12, "target_object_id": null, "action_object_content_type": null, "action_object_object_id": null, "timestamp": "2021-08-29T20:31:21.726Z", "public": true, "deleted": false, "emailed": false, "data": null}}, {"model": "notifications.notification", "pk": 36, "fields": {"level": "info", "recipient": 1, "unread": false, "actor_content_type": 4, "actor_object_id": "3", "verb": "Add New Category << Fake Pub 99 >>", "description": null, "target_content_type": 10, "target_object_id": "7", "action_object_content_type": null, "action_object_object_id": null, "timestamp": "2021-08-29T20:38:01.093Z", "public": true, "deleted": false, "emailed": false, "data": null}}, {"model": "notifications.notification", "pk": 37, "fields": {"level": "info", "recipient": 1, "unread": false, "actor_content_type": 4, "actor_object_id": "3", "verb": "Delete Publisher << Fake Pub 99 >>", "description": null, "target_content_type": 10, "target_object_id": null, "action_object_content_type": null, "action_object_object_id": null, "timestamp": "2021-08-29T20:39:39.414Z", "public": true, "deleted": false, "emailed": false, "data": null}}, {"model": "notifications.notification", "pk": 38, "fields": {"level": "info", "recipient": 1, "unread": false, "actor_content_type": 4, "actor_object_id": "2", "verb": "Add New Category << Lousen >>", "description": null, "target_content_type": 12, "target_object_id": "45", "action_object_content_type": null, "action_object_object_id": null, "timestamp": "2021-08-29T20:44:12.017Z", "public": true, "deleted": false, "emailed": false, "data": null}}, {"model": "notifications.notification", "pk": 39, "fields": {"level": "info", "recipient": 1, "unread": false, "actor_content_type": 4, "actor_object_id": "2", "verb": "Delete Category << Lousen >>", "description": null, "target_content_type": 12, "target_object_id": null, "action_object_content_type": null, "action_object_object_id": null, "timestamp": "2021-08-29T20:44:15.337Z", "public": true, "deleted": false, "emailed": false, "data": null}}, {"model": "notifications.notification", "pk": 40, "fields": {"level": "info", "recipient": 1, "unread": false, "actor_content_type": 4, "actor_object_id": "2", "verb": "Add New Category << Fake Pub 98 >>", "description": null, "target_content_type": 10, "target_object_id": "8", "action_object_content_type": null, "action_object_object_id": null, "timestamp": "2021-08-29T20:44:45.513Z", "public": true, "deleted": false, "emailed": false, "data": null}}, {"model": "notifications.notification", "pk": 41, "fields": {"level": "info", "recipient": 1, "unread": false, "actor_content_type": 4, "actor_object_id": "2", "verb": "Delete Publisher << Fake Pub 98 >>", "description": null, "target_content_type": 10, "target_object_id": null, "action_object_content_type": null, "action_object_object_id": null, "timestamp": "2021-08-29T20:44:50.725Z", "public": true, "deleted": false, "emailed": false, "data": null}}, {"model": "notifications.notification", "pk": 42, "fields": {"level": "info", "recipient": 1, "unread": false, "actor_content_type": 4, "actor_object_id": "2", "verb": "Add New Category << anderson green >>", "description": null, "target_content_type": 12, "target_object_id": "46", "action_object_content_type": null, "action_object_object_id": null, "timestamp": "2021-08-29T20:47:15.102Z", "public": true, "deleted": false, "emailed": false, "data": null}}, {"model": "notifications.notification", "pk": 43, "fields": {"level": "info", "recipient": 1, "unread": false, "actor_content_type": 4, "actor_object_id": "2", "verb": "Delete Category << anderson green >>", "description": null, "target_content_type": 12, "target_object_id": null, "action_object_content_type": null, "action_object_object_id": null, "timestamp": "2021-08-29T20:47:16.823Z", "public": true, "deleted": false, "emailed": false, "data": null}}, {"model": "notifications.notification", "pk": 44, "fields": {"level": "info", "recipient": 1, "unread": false, "actor_content_type": 4, "actor_object_id": "2", "verb": "Add New Publisher << Fake Pub 900 >>", "description": null, "target_content_type": 10, "target_object_id": "9", "action_object_content_type": null, "action_object_object_id": null, "timestamp": "2021-08-29T20:47:41.825Z", "public": true, "deleted": false, "emailed": false, "data": null}}, {"model": "notifications.notification", "pk": 45, "fields": {"level": "info", "recipient": 1, "unread": false, "actor_content_type": 4, "actor_object_id": "2", "verb": "Delete Publisher << Fake Pub 900 >>", "description": null, "target_content_type": 10, "target_object_id": null, "action_object_content_type": null, "action_object_object_id": null, "timestamp": "2021-08-29T20:47:44.169Z", "public": true, "deleted": false, "emailed": false, "data": null}}, {"model": "notifications.notification", "pk": 46, "fields": {"level": "info", "recipient": 1, "unread": false, "actor_content_type": 4, "actor_object_id": "2", "verb": "Add New Category << ppppppppppppppp >>", "description": null, "target_content_type": 12, "target_object_id": "49", "action_object_content_type": null, "action_object_object_id": null, "timestamp": "2021-09-06T22:43:42.479Z", "public": true, "deleted": false, "emailed": false, "data": null}}, {"model": "notifications.notification", "pk": 47, "fields": {"level": "info", "recipient": 1, "unread": false, "actor_content_type": 4, "actor_object_id": "2", "verb": "Add New Category << Zeliang YAO >>", "description": null, "target_content_type": 12, "target_object_id": "51", "action_object_content_type": null, "action_object_object_id": null, "timestamp": "2021-09-08T14:26:36.416Z", "public": true, "deleted": false, "emailed": false, "data": null}}]